id,domain,status,purchase_price,renewal_price,attractiveness,demand,length,registrar,created_at,expires_at,status_verified_at
0e99fe53-2acf-451f-bab9-527270a29962,claim.kaufen,available,5.99,26.99,high,low,5,namesilo,,,24/09/2026 15:40
cb5a55b0-680a-4f62-ac60-429ea090b428,shin.kaufen,available,5.99,26.99,high,low,4,namesilo,,,
68243b9a-aef6-413d-9942-bb922c0d8fb9,inspiring.kaufen,available,5.99,26.99,high,low,9,namesilo,,,
1053a6cd-5ef5-42d3-9e6d-0fd875b198db,investor.kaufen,available,5.99,26.99,high,medium,8,namesilo,,,
01a71dc6-9b8d-404f-a9b0-9ba49f2f95bb,sunrise.kaufen,available,5.99,26.99,high,low,7,namesilo,,,
a71059ab-d43b-46d5-8d96-ae7723738325,send.kaufen,available,5.99,26.99,high,low,4,namesilo,,,24/09/2026 11:25
b1ed99c2-4e54-4711-bd10-d1dbc1a54811,glue.kaufen,available,9.99,,high,low,4,name.com,,,
386a19a7-75c7-4d2e-9247-b92091b46811,engrossing.kaufen,available,5.99,26.99,high,low,10,namesilo,,,
aba1e358-ac95-4440-8930-f2e2efd86c5d,worst.kaufen,available,5.99,26.99,high,low,5,namesilo,,,
9e626cc7-79c4-4b6c-97d7-beb01d960134,victor.kaufen,available,,,high,low,6,,,,
fea48dfd-2a8c-4a21-82e8-46128bd7d414,shaft.kaufen,available,5.99,26.99,high,low,5,namesilo,,,
69c5d710-183d-49e1-984c-12088b7609d9,intimate.kaufen,available,5.99,26.99,high,low,8,namesilo,,,
854278df-a9d0-44ce-84e6-b2ec609863e7,conceal.kaufen,available,5.99,26.99,high,low,7,namesilo,,,
ffffe443-5fb8-4031-a0d7-5ac2edf618e0,follower.kaufen,available,5.99,26.99,high,low,8,namesilo,,,
d80c4919-3ce5-45c7-95c9-5fcfa04b2f07,afoot.kaufen,available,5.99,26.99,medium,low,5,namesilo,,,
8b4e2df8-c90e-468b-b35f-d73cc05f845c,tap.kaufen,available,5.99,26.99,high,medium,3,namesilo,,,
86c76f66-19ac-4511-a532-709ef151d8a9,cue.kaufen,available,9.99,,high,low,3,name.com,,,
c44f6591-2bb5-40de-afa5-bb17388ebe17,ribbon.kaufen,available,5.99,26.99,high,low,6,namesilo,,,
d984dd8e-dd8a-4398-b7fe-588eb69f87a4,scented.kaufen,available,5.99,26.99,high,low,7,namesilo,,,
0dae03ec-7014-45c8-81be-18502888436a,footballer.kaufen,available,5.99,26.99,high,low,10,namesilo,,,
34adf2cc-3d56-4e3b-ad0b-13d5b63eceed,autotomic.kaufen,available,5.99,26.99,medium,low,9,namesilo,,,07/08/2026 21:13
1db3de51-5049-4c9a-8779-1f64e822fa27,spam.kaufen,available,5.99,26.99,high,low,4,namesilo,,,
3cc101d2-50db-4acf-951b-1e20d4af263d,slacking.kaufen,available,9.99,,medium,low,8,name.com,,,
93db1d4b-ea6e-4da0-977d-232e48cfa65d,talks.kaufen,available,5.99,26.99,high,low,5,namesilo,,,
4e209571-9e42-44d7-a7eb-775b59cf5ac5,airline.kaufen,available,5.99,26.99,high,low,7,namesilo,,,
5aed43a6-4d09-48e4-bf74-2ef4330deb42,policies.kaufen,available,5.99,26.99,medium,low,8,namesilo,,,04/09/2026 07:55
7a7c194b-e60a-4128-9672-fd3eab0f6658,idolized.kaufen,available,5.99,26.99,high,low,8,namesilo,,,
afc6c7b0-ee49-4a87-aaf1-3b300a3ac09d,modeler.kaufen,available,9.99,,high,low,7,name.com,,,
fa4cc304-dbcb-447f-ad33-4fd751f073f5,abashed.kaufen,available,5.99,26.99,medium,low,7,namesilo,,,
c8912766-014c-4d8e-ac84-efc7d0bb3a46,campus.kaufen,available,5.99,26.99,high,low,6,namesilo,,,
1d6d0ac8-73f3-43e0-843c-6fc817bb56cb,peachy.kaufen,available,5.99,26.99,high,low,6,namesilo,,,08/08/2026 12:41
f59a05fc-1cb4-406d-b5c0-be12121a1106,loss.kaufen,available,5.99,26.99,high,low,4,namesilo,,,
6863c73d-45ee-44ac-8913-08dfe526f1a7,guys.kaufen,available,5.99,26.99,high,low,4,namesilo,,,
5897c16f-65b0-45aa-b5ac-3a9a315dfc79,beg.kaufen,available,5.99,26.99,high,low,3,namesilo,,,
4d25eb74-a990-4eb6-bc7f-7004a9bf75d4,dose.kaufen,available,5.99,26.99,high,low,4,namesilo,,,
ac928e6a-9dbb-4d0f-91b4-9bb0430daa0e,seeing.kaufen,available,5.99,26.99,high,low,6,namesilo,,,
7162bd8a-ef5f-4487-9d71-a39234cea3f2,possess.kaufen,available,5.99,26.99,high,low,7,namesilo,,,
1424f3a7-ffe8-4c2e-bba8-d3e6afb57e49,resolution.kaufen,available,5.99,26.99,high,low,10,namesilo,,,
29d3782d-a9dc-4414-bed9-0d5da924a08b,bridge.kaufen,available,9.99,,high,medium,6,name.com,,,
ed42bac4-39fd-4b28-ac3e-d0270b2f3857,abaft.kaufen,available,5.99,26.99,low,low,5,namesilo,,,
2a0945d1-8299-44ee-af33-472f95602cb8,angered.kaufen,available,5.99,26.99,medium,low,7,namesilo,,,
d1281600-319b-4cfc-a982-a99896cc195f,lock.kaufen,available,5.99,26.99,high,low,4,namesilo,,,
d7488eb0-a601-499f-8220-e46c1f6b62cb,torturing.kaufen,available,5.99,26.99,medium,low,9,namesilo,,,
a65ab1bf-4201-4ad1-8bf9-f0fffec09b49,await.kaufen,available,5.99,26.99,high,low,5,namesilo,,,
e9ffe497-5a8c-4177-b2ce-32b61f1de79f,alkalic.kaufen,available,5.99,26.99,medium,low,7,namesilo,,,
d72ea5e8-ab22-415c-9a29-8c1408e22ca2,definitely.kaufen,available,5.99,26.99,high,low,10,namesilo,,,
540f23a6-76a4-433a-b19c-4c6bd16b3b2e,thanks.kaufen,available,9.99,,high,low,6,name.com,,,
d4f22173-ce5b-4047-aad4-5f0b76c8bcb5,sharply.kaufen,available,5.99,26.99,medium,low,7,namesilo,,,
4cdb1918-8c33-4dce-851d-3949223d2b0c,assuming.kaufen,available,5.99,26.99,high,low,8,namesilo,,,07/08/2026 08:16
60a436ad-e4bf-4e21-91f9-41f9826bdc20,traction.kaufen,available,5.99,26.99,high,low,8,namesilo,,,
646138d1-e532-45ca-a195-353004d0ef05,reading.kaufen,available,5.99,26.99,high,low,7,namesilo,,,
17ec30cd-890a-43a4-b726-072b5f6f65c7,void.kaufen,available,5.99,26.99,high,medium,4,namesilo,,,
5c22489a-e10a-42fa-9e7a-c334da01028b,discredit.kaufen,available,5.99,26.99,high,low,9,namesilo,,,
a72579e7-b4f8-4f68-b048-1c5f8345facd,violated.kaufen,available,5.99,26.99,medium,low,8,namesilo,,,
7400c713-342e-41d8-9225-7ef704c30952,arum.kaufen,available,5.99,26.99,medium,low,4,namesilo,,,06/08/2026 20:20
651706ef-90c3-408e-805e-58608b2e9e5b,apostate.kaufen,available,5.99,26.99,medium,low,8,namesilo,,,06/08/2026 03:35
6fee3ffb-dc9f-4e88-961d-af43eca14b59,otic.kaufen,available,5.99,26.99,medium,low,4,namesilo,,,07/08/2026 17:41
d7e5d59e-a006-4402-8b1a-e9cf3d462f00,anal.kaufen,available,5.99,26.99,high,low,4,namesilo,,,
26fed2c9-c3a0-4da3-bccc-68dbd661e9e3,addible.kaufen,available,5.99,26.99,medium,low,7,namesilo,,,
640bd243-dcd3-496f-b931-049837232f92,biting.kaufen,available,5.99,26.99,high,low,6,namesilo,,,08/08/2026 16:41
59f896cd-e67b-42e2-aaca-360d71995b45,filming.kaufen,available,5.99,26.99,high,low,7,namesilo,,,
a3712cb9-1bac-4eb0-a743-1aa635f325ec,shove.kaufen,available,5.99,26.99,high,low,5,namesilo,,,
12cd8a69-a2b4-407f-9e4a-f8c4260fc3a4,brie.kaufen,available,9.99,,high,low,4,name.com,,,
5c95809f-f43a-490c-aa2e-c20e6bce2741,concussion.kaufen,available,5.99,26.99,high,low,10,namesilo,,,
79e45c5f-ea66-4a36-a155-e4d1605589a6,centralised.kaufen,available,5.99,26.99,high,low,11,namesilo,,,
e5b53699-a815-4d3d-970b-9123dc4df1f2,raccoon.kaufen,available,5.99,26.99,high,low,7,namesilo,,,
f4266c09-819a-4e3b-af5c-58c1dd2bfe31,hit.kaufen,available,5.99,26.99,high,low,3,namesilo,,,
82bfd473-5729-4f8f-a9eb-5390f0a90c68,neglect.kaufen,available,5.99,26.99,high,low,7,namesilo,,,
8592ec37-0e83-4600-8dcf-187d1b3fb36f,intricate.kaufen,available,5.99,26.99,high,low,9,namesilo,,,
d019fc01-54be-41d5-820f-827c3dc5e4fd,firefighter.kaufen,available,9.99,,high,low,11,name.com,,,
f204cde8-6df1-4f3a-a00f-3589645e0773,trees.kaufen,available,5.99,26.99,high,low,5,namesilo,,,
fe69dd9f-1100-488b-9dae-53c619e6b223,protected.kaufen,available,5.99,26.99,high,low,9,namesilo,,,
0822a97e-e3cc-4241-9a82-17b3e4d57f3b,apiarian.kaufen,available,5.99,26.99,medium,low,8,namesilo,,,05/08/2026 23:53
74a31eea-9ad8-4b27-8482-0ad0bc841f83,stage.kaufen,available,9.99,,high,medium,5,name.com,,,
1d64856f-eb08-4c83-9621-a87030ff238e,typically.kaufen,available,5.99,26.99,medium,low,9,namesilo,,,
ba903070-2cf5-4357-bdc5-c8e554ccffc3,person.kaufen,available,5.99,26.99,high,low,6,namesilo,,,
a9189499-2901-464e-ac49-7b837147af93,medal.kaufen,available,5.99,26.99,high,low,5,namesilo,,,
2ac4eeec-fd68-4fcf-b8d7-a1cca6e2e3f2,desk.kaufen,available,5.99,26.99,high,low,4,namesilo,,,08/09/2026 08:30
669d613c-e10e-40f6-820f-2fe0fc580845,christ.kaufen,available,5.99,26.99,high,low,6,namesilo,,,
c82e7657-e320-4a01-a61d-d8d60d9cd07f,vomiting.kaufen,available,5.99,26.99,high,low,8,namesilo,,,
ece91a8a-9222-4b33-89f4-b9ad381003a6,appellate.kaufen,available,5.99,26.99,medium,low,9,namesilo,,,06/08/2026 06:18
9b09d6eb-1dbb-48e5-adbf-4f102b04a2db,disapproval.kaufen,available,5.99,26.99,medium,low,11,namesilo,,,
7847e555-3cf2-46c8-9968-0e85ff02771d,hotel.kaufen,premium,128.7,128.7,high,medium,5,namecheap,,,
08552433-21c7-4250-921f-7e744af2689d,caracas.kaufen,available,5.99,26.99,high,low,7,namesilo,,,
39c70621-be0a-412e-9ba4-d63e043ab1b8,luminous.kaufen,available,5.99,26.99,high,low,8,namesilo,,,
7db68650-250f-4b96-803b-e5c5fa1c8302,sixty.kaufen,available,5.99,26.99,high,low,5,namesilo,,,
83d701b2-1500-40ce-8305-1fa4b63c918b,impromptu.kaufen,available,9.99,43.99,high,low,9,name.com,,,
e9f6ae0f-b959-46bc-92e0-7d474fff5f74,godhead.kaufen,available,5.99,26.99,high,low,7,namesilo,,,
753a5c0f-fad8-437b-8a5c-50753e1f5bf0,cxv.kaufen,available,5.99,26.99,high,low,3,namesilo,,,
52f26d3e-7041-44db-9f66-5306ac53deb8,anything.kaufen,available,9.99,,high,low,8,name.com,,,
a1974ad9-2180-4d87-8dfa-af9419a8356d,implausible.kaufen,available,5.99,26.99,medium,low,11,namesilo,,,
74d65ea8-8f6d-456a-820e-42910b1ec88b,astral.kaufen,available,5.99,26.99,high,low,6,namesilo,,,07/08/2026 09:57
c59bfa38-e0ae-42bf-b836-e7d3c28371b3,basal.kaufen,available,9.99,43.99,medium,low,5,name.com,,,08/08/2026 21:24
8e9e2a66-82f3-494f-a6e2-249df3381a6e,ale.kaufen,available,5.99,26.99,high,low,3,namesilo,,,
d7213b24-42fc-41c2-9285-65ce0ef86d06,oyster.kaufen,available,5.99,26.99,high,low,6,namesilo,,,
482f215a-8ba6-41f5-bfd9-de903296b273,rhiannon.kaufen,available,5.99,26.99,high,low,8,namesilo,,,
6118e4f1-a92b-4788-aa2b-1d7c2464f621,swap.kaufen,available,5.99,26.99,high,low,4,namesilo,,,
8c247db1-bb8e-4103-b777-912dd560f02b,radical.kaufen,available,9.99,43.99,high,low,7,name.com,,,08/08/2026 21:21
32377beb-8707-4b0d-a814-28afffe30269,absolved.kaufen,available,5.99,26.99,high,low,8,namesilo,,,
09194a22-3b44-429c-a757-f0553a9b5567,dye.kaufen,available,5.99,26.99,high,low,3,namesilo,,,
13fe76cb-e1d8-46a7-ae75-a3b3f7969d41,humanity.kaufen,available,5.99,26.99,high,low,8,namesilo,,,
17dbbd5e-4e04-4a47-abe4-dcb235ff0973,showering.kaufen,available,5.99,26.99,high,low,9,namesilo,,,
cf6fcbb4-2524-48ca-a165-7c1c3a961256,united.kaufen,available,5.99,26.99,high,medium,6,namesilo,,,
b4718cb2-21d7-4304-acf6-0416c7d47b2a,antisocial.kaufen,available,5.99,26.99,high,low,10,namesilo,,,05/08/2026 19:39
b84c5fb1-fb91-48d4-b76c-21e84850c92d,mazed.kaufen,available,5.99,26.99,medium,low,5,namesilo,,,07/08/2026 12:07
d29b0f85-2a6f-477c-901b-dc6f3bc65fbe,unskilled.kaufen,available,5.99,26.99,medium,low,9,namesilo,,,
39e0c047-978b-4164-8c50-338a2996cca9,sounding.kaufen,available,5.99,26.99,high,low,8,namesilo,,,
3930b81a-5529-482e-a6f1-b5da2615a32a,mile.kaufen,available,5.99,26.99,high,low,4,namesilo,,,
3b565994-528c-4b10-8d8d-75fa023e6838,outlook.kaufen,available,,,high,low,7,,,,
36c91bb1-439f-4b7b-a99a-8cead9afe506,disadvantage.kaufen,available,5.99,26.99,high,low,12,namesilo,,,
2167c0c9-c5e3-4b67-9447-54b4ce72ba00,youtube.kaufen,available,,,high,medium,7,,,,
3e6c1083-efef-44be-8a27-003f1ec427c4,russia.kaufen,available,5.99,26.99,high,medium,6,namesilo,,,
06ff272d-0c61-4470-b9ce-868268a1e7fa,sight.kaufen,available,5.99,26.99,high,low,5,namesilo,,,
2074b3cb-3fda-43c6-886f-41b4a5b9e9dc,barbaric.kaufen,available,5.99,26.99,medium,low,8,namesilo,,,08/08/2026 15:31
1d4ba368-4c27-42f6-a3b7-6e2e17beeb04,tush.kaufen,available,5.99,26.99,medium,low,4,namesilo,,,09/08/2026 11:45
7fcb521d-50fb-40d8-8ff0-3f6cd508453f,scratched.kaufen,available,5.99,26.99,medium,low,9,namesilo,,,
c4004b29-7b18-4022-a9d6-bc2a59cee098,galling.kaufen,available,5.99,26.99,high,low,7,namesilo,,,
a19e5c6d-bd80-4c2b-83b8-f639f17d1b11,goal.kaufen,available,5.99,26.99,high,low,4,namesilo,,,
b0e78220-eb30-45d8-a786-b3b457d26468,ivy.kaufen,available,5.99,26.99,high,low,3,namesilo,,,
9f7145e9-5916-4331-8f20-7f46d5a7d308,pricing.kaufen,available,5.99,26.99,high,low,7,namesilo,,,
ac4b106e-57ed-4521-8f4f-8a4d55543d88,irons.kaufen,available,5.99,26.99,high,low,5,namesilo,,,
4e3549d9-a2f9-4927-9022-7c39ad16944b,nuthin.kaufen,available,5.99,26.99,medium,low,6,namesilo,,,
08cf1e32-4ee7-4f08-8ef2-2bf5fa14d2a4,adnate.kaufen,available,5.99,26.99,medium,low,6,namesilo,,,
d1454007-2647-49fc-b2eb-344ecd147e20,waters.kaufen,available,5.99,26.99,high,low,6,namesilo,,,
173359c5-0ea2-429a-83fe-4e86154003f4,coefficient.kaufen,available,9.99,,high,low,11,name.com,,,
30ab4545-a140-4467-a598-36f6d8323ca6,pyrenees.kaufen,available,5.99,26.99,high,low,8,namesilo,,,
6cfe03c3-ac62-4731-b079-dd02feae954d,vector.kaufen,available,5.99,26.99,high,low,6,namesilo,,,
4d32cfe1-af94-4a73-96bd-ec5d2e829b7e,shelter.kaufen,available,5.99,26.99,high,low,7,namesilo,,,
5a1accdd-f3c2-4128-b022-192d1c100982,intend.kaufen,available,5.99,26.99,high,low,6,namesilo,,,
c402781f-57a5-43e7-ab73-02b29696c394,freedom.kaufen,available,5.99,26.99,high,medium,7,namesilo,,,
d3f95a40-e535-4532-829a-1f12c92b4b9a,stately.kaufen,available,5.99,26.99,high,low,7,namesilo,,,08/08/2026 20:22
23147c3a-8041-4bea-9b82-1b7545c1a232,penetration.kaufen,available,5.99,26.99,high,low,11,namesilo,,,08/09/2026 15:09
e9653aee-532b-466c-8d1b-9818e6acfd5e,organizations.kaufen,available,5.99,26.99,medium,low,13,namesilo,,,
427ec14b-8e1e-4817-95e9-ef7cb55518ff,sam.kaufen,available,5.99,26.99,high,medium,3,namesilo,,,
1d8380ca-1515-458f-9648-fbbcc9942d68,inane.kaufen,available,5.99,26.99,medium,low,5,namesilo,,,07/08/2026 02:43
b2ed6edb-5f33-41a1-a173-da8b275c0ce7,tanks.kaufen,available,5.99,26.99,high,low,5,namesilo,,,
c5fa6ec6-ff93-44cb-a2ad-be3c0184ac8f,lonely.kaufen,available,5.99,26.99,high,low,6,namesilo,,,
1a93e379-f1c4-48e0-9499-133a889b33bc,ages.kaufen,available,5.99,26.99,medium,low,4,namesilo,,,
fc9411a7-3bd7-426d-a615-bb1eb03c7d77,insurance.kaufen,available,5.99,26.99,high,medium,9,namesilo,,,
3358fa95-10bf-4802-89f6-3d995998055c,appeal.kaufen,available,9.99,,high,low,6,name.com,,,
f8a24782-3ad8-4f6e-8c27-1f380a57d1ad,recognizable.kaufen,available,5.99,26.99,high,low,12,namesilo,,,
538c4f35-1502-4cc0-b9ed-8e1c6d9b457c,spirited.kaufen,available,5.99,26.99,high,low,8,namesilo,,,
7543f44b-0330-4232-8c44-4e072bbd598d,cleveland.kaufen,premium,118.8,118.8,high,low,9,namesilo,,,
1a798fcf-fd75-4421-a078-78b2b06f0c88,list.kaufen,available,5.99,26.99,high,low,4,namesilo,,,
b2ccdbde-7c5c-4d32-af64-d2b1d26a1303,turnout.kaufen,available,5.99,26.99,high,low,8,namesilo,,,
4dd8be70-a151-4a8d-8c9c-dedce468b2d3,september.kaufen,available,5.99,26.99,high,low,9,namesilo,,,
a572dc9e-361d-4b13-bb6d-bd8290be2dfa,meanwhile.kaufen,available,5.99,26.99,high,low,9,namesilo,,,
7a2c6277-3c06-4f70-84e1-2b5f2c29a522,prodigy.kaufen,available,5.99,26.99,high,low,7,namesilo,,,
4b9cb718-6df9-4ab3-a694-cab8655e4cbd,abroach.kaufen,available,5.99,26.99,medium,low,7,namesilo,,,
5275e2a0-a6f2-41ab-a201-2692f6172279,pretence.kaufen,available,5.99,26.99,high,low,8,namesilo,,,
6d2c656e-aee2-4632-9686-54a304dbe400,discord.kaufen,available,5.99,26.99,high,medium,7,namesilo,,,
576d7c4b-9e4c-487d-a219-4edd61ebb7da,scale.kaufen,available,5.99,26.99,high,medium,5,namesilo,,,
5ce04fd3-156f-4507-9a06-243da0f4c97b,incentive.kaufen,available,5.99,26.99,high,low,9,namesilo,,,
2c50af24-ea99-4635-a777-dd5c290464d2,overdue.kaufen,available,5.99,26.99,high,low,7,namesilo,,,
fea590f0-50d6-4f72-b65a-47bc0f2c5c32,destructive.kaufen,available,9.99,,medium,low,11,name.com,,,
76af80a6-55e4-4ea4-b6aa-909de5d95de2,alley.kaufen,available,5.99,26.99,high,low,5,namesilo,,,
eace144e-8819-4d96-a716-f5d0243f4240,restrain.kaufen,available,5.99,26.99,high,low,8,namesilo,,,
f5f701b4-5011-438d-875f-0503fa82dcc6,accused.kaufen,available,5.99,26.99,high,low,7,namesilo,,,
441e0782-1449-4584-91e8-30713393bd39,endowment.kaufen,available,5.99,26.99,high,low,9,namesilo,,,
7d608db9-4959-4036-a006-48c13c133717,leaders.kaufen,available,5.99,26.99,high,low,7,namesilo,,,
96f47b95-89d6-4387-a25f-60e3fd8e3f7f,smelling.kaufen,available,5.99,26.99,high,low,8,namesilo,,,
a91a8c1f-1e5b-4c99-81ed-8f4ef537575a,terror.kaufen,available,5.99,26.99,high,low,6,namesilo,,,
2494ac8b-e8f6-49bd-9681-e3f9f2498c46,along.kaufen,available,,,high,low,5,,,,
6dbe4ac4-cf9e-4bc1-800a-973156e61bf6,reticent.kaufen,available,9.99,,high,low,8,name.com,,,
044fc0ed-2ebc-41b3-9036-a299b09f1afe,raw.kaufen,available,5.99,26.99,high,low,3,namesilo,,,08/08/2026 18:20
06a26e8c-5401-400a-8656-c2fefc641e7f,teens.kaufen,available,5.99,26.99,high,low,5,namesilo,,,
16ed635d-f11b-4186-8d7e-9bf9e73eb8ef,including.kaufen,available,5.99,26.99,medium,low,9,namesilo,,,
fb7fbe50-c2d4-45dd-9c32-8b7b2bfa891f,assorted.kaufen,available,5.99,26.99,medium,low,8,namesilo,,,07/08/2026 07:25
a888f7fb-0a7c-4168-baf0-0ce710cc4ece,incidental.kaufen,available,5.99,26.99,high,low,10,namesilo,,,
e57df1b3-9ea6-4b48-a9cc-07f7fbf46855,assigned.kaufen,available,5.99,26.99,medium,low,8,namesilo,,,07/08/2026 06:35
2226e507-c685-428d-8ad5-3db2ec0d4dd2,batwing.kaufen,available,5.99,26.99,medium,low,7,namesilo,,,09/08/2026 01:49
cb6faf75-d473-47b1-83b6-d66cefca94c2,sloth.kaufen,available,5.99,26.99,high,low,5,namesilo,,,
4376f8a9-3e53-469c-a8d4-03fcb6e62719,ways.kaufen,available,5.99,26.99,high,low,4,namesilo,,,
d6cb2db4-3edc-414c-bc2a-ac51ba1c9217,condolences.kaufen,available,5.99,26.99,high,low,11,namesilo,,,
73d335d0-0af0-4a59-8f36-77cced58b88a,westminster.kaufen,available,5.99,26.99,high,low,11,namesilo,,,
09557680-65a6-4a9d-97cf-52757d5caed5,refine.kaufen,available,5.99,26.99,high,low,6,namesilo,,,
58fdc476-21f2-42c1-b68e-bd968287b62c,cow.kaufen,available,5.99,26.99,high,low,3,namesilo,,,
31d8ac48-490a-4588-9c5d-8344929f5c0a,worshipful.kaufen,available,5.99,26.99,high,low,10,namesilo,,,
5a87d6b9-2592-4cf2-b218-bc5ee21d26a1,services.kaufen,available,33.58,,high,low,8,namecheap,,,
7a5d4c1d-e68d-4945-a673-75815593bd39,condition.kaufen,available,5.99,26.99,high,low,9,namesilo,,,
408ce3fe-3491-4361-bb4d-fba7a724c449,bedewed.kaufen,available,5.99,26.99,low,low,7,namesilo,,,09/08/2026 06:46
cba1fa1d-44bd-4a55-a8de-5a3976068ffb,agrologic.kaufen,available,5.99,26.99,medium,low,9,namesilo,,,
1c59b015-b1cf-4d61-9696-7ea6f890750c,toddler.kaufen,available,5.99,26.99,high,low,7,namesilo,,,
924c65ad-d8c4-4124-b571-da86832b841d,mall.kaufen,available,5.99,26.99,high,low,4,namesilo,,,
2eb12e5d-85e4-4339-a2b7-a2ba920808e6,offered.kaufen,available,5.99,26.99,high,low,7,namesilo,,,
60d1f768-bcd8-462e-a08c-b86cb9c4d2c2,critically.kaufen,available,9.99,,high,low,10,name.com,,,
1b5198f9-26c8-497c-b015-9bd59aecb298,lions.kaufen,available,5.99,26.99,high,low,5,namesilo,,,
affb5da2-6961-4a9b-93ae-1c1bf8d331eb,increased.kaufen,available,5.99,26.99,high,low,9,namesilo,,,
4d9458b8-69a3-4342-b1f9-b04d0a7e2383,acetic.kaufen,available,5.99,26.99,medium,low,6,namesilo,,,
e9a630e9-a588-4489-ab8b-e55d42ff50b3,bath.kaufen,available,5.99,26.99,high,low,4,namesilo,,,
b7e9b3d7-0e49-43ad-a4bc-80d7a5c360d9,astound.kaufen,available,5.99,26.99,high,low,7,namesilo,,,
f512944a-8a11-4e51-9aeb-198d8e4561da,rely.kaufen,available,5.99,26.99,high,low,4,namesilo,,,
917ac6e0-9a8f-4650-ac21-7ed3c7730fd2,breathtaking.kaufen,available,5.99,26.99,high,low,12,namesilo,,,
8a4ea95b-b47f-4ea3-b20a-a8ec14cfcb7f,assamese.kaufen,available,5.99,26.99,medium,low,8,namesilo,,,07/08/2026 05:38
332ae586-fbb6-44c6-9e70-51ce929c1eb7,mods.kaufen,available,9.99,,high,low,4,name.com,,,
4a5ada83-e70f-4ce6-a1a1-1252a5e85ff6,attention.kaufen,available,5.99,26.99,high,low,9,namesilo,,,
25653424-03ea-4797-9234-e6122b62fdd3,apophatic.kaufen,available,5.99,26.99,medium,low,9,namesilo,,,06/08/2026 02:27
db7bbeba-cc54-4289-b2c8-a94dd56ce230,bahamian.kaufen,available,5.99,26.99,medium,low,8,namesilo,,,08/08/2026 08:31
0f085cb6-292f-4f8f-818d-5d8e833f1a22,pitted.kaufen,available,5.99,26.99,medium,low,6,namesilo,,,
e8f840ee-a254-4aef-b766-b7c55e9b174b,ill.kaufen,available,5.99,26.99,high,low,3,namesilo,,,
4272e9d6-2a51-40ff-baf6-fd8c5513a39f,allusive.kaufen,available,5.99,26.99,high,low,8,namesilo,,,
141a8148-2217-4b5f-9387-b1146eecbd81,unit.kaufen,available,5.99,26.99,high,low,4,namesilo,,,08/09/2026 06:04
d28fdcf3-4acb-4069-98b4-0f95653e608c,max.kaufen,available,5.99,26.99,high,medium,3,namesilo,,,
8341d8fe-172d-45df-884c-a3e4a1ac7dce,evaluative.kaufen,available,5.99,26.99,medium,low,10,namesilo,,,06/08/2026 08:13
3e59bfe9-8ffd-440a-adf6-54798006849f,woodsy.kaufen,available,5.99,26.99,high,low,6,namesilo,,,06/08/2026 13:04
46586064-15b4-493a-8cc1-8b3d271cc73b,road.kaufen,available,5.99,26.99,high,low,4,namesilo,,,
bdbc40aa-3cd6-4751-826c-58477fae44bb,bye.kaufen,available,5.99,26.99,high,low,3,namesilo,,,
17a2504d-036d-44b7-8443-6732549510aa,secondly.kaufen,available,5.99,26.99,medium,low,8,namesilo,,,
f273dcd0-8411-4b88-9131-eb09d5405b86,lace.kaufen,available,5.99,26.99,high,low,4,namesilo,,,
a4190017-6a2b-4205-b551-3f4c93a30512,rejection.kaufen,available,5.99,26.99,high,low,9,namesilo,,,
b66c0a38-1004-471e-91fd-7afb7fb7b260,tho.kaufen,available,9.99,,medium,low,3,name.com,,,
4aad18f2-35c1-4623-9ba9-5f5fd4c72367,bully.kaufen,available,5.99,26.99,high,low,5,namesilo,,,08/08/2026 12:15
fcb45ef8-1d5e-4d35-958f-a29fd5fbf4cc,stupid.kaufen,available,5.99,26.99,high,low,6,namesilo,,,
97d7e4b2-b57a-417d-a7fd-9a05da7ba753,alloyed.kaufen,available,5.99,26.99,high,low,7,namesilo,,,
7665e615-0455-4e2c-a185-be3d099094e0,accounted.kaufen,available,5.99,26.99,medium,low,9,namesilo,,,
1589e770-32f3-4315-9b40-9d89d90eaba2,reasonably.kaufen,available,5.99,26.99,high,low,10,namesilo,,,
2735c688-52e1-4fd9-af50-abb67129d045,aeriferous.kaufen,available,5.99,26.99,medium,low,10,namesilo,,,
4a2d4fec-d4b3-498c-a9aa-33a03c24e2f3,redo.kaufen,available,5.99,26.99,high,low,4,namesilo,,,
ba4d42ac-923a-4082-ad2d-2a637dc45e40,sincerely.kaufen,available,5.99,26.99,high,low,9,namesilo,,,
b2c4133d-9144-437a-87fb-3bba766e3ba2,spinous.kaufen,available,5.99,26.99,medium,low,7,namesilo,,,
d1ff1bad-dd6a-4e40-af5c-f5071c30aafb,slight.kaufen,available,5.99,26.99,high,low,6,namesilo,,,
ee957a79-8ea1-4e37-bc1b-28b8a8142c5c,know.kaufen,available,5.99,26.99,high,low,4,namesilo,,,
463e6644-eab1-494c-ac48-d35241ff5117,smashing.kaufen,available,5.99,26.99,high,low,8,namesilo,,,08/08/2026 12:53
c1e3b215-d219-426e-85be-5113052b2d60,applicable.kaufen,available,5.99,26.99,high,low,10,namesilo,,,06/08/2026 07:06
9187e2dc-bb5b-4277-86bf-8a8c53750364,glance.kaufen,available,5.99,26.99,high,low,6,namesilo,,,
528f718c-d442-4db6-aa45-983d2822392b,spidery.kaufen,available,5.99,26.99,medium,low,7,namesilo,,,06/08/2026 11:46
c6370a87-906a-4871-b657-c707363ab27c,unhappiness.kaufen,available,9.99,,medium,low,11,name.com,,,
fcd73f49-a45b-433e-a796-49d716976a83,shakira.kaufen,available,5.99,26.99,high,low,7,namesilo,,,
577a88ef-bd8c-451c-86c6-1f9092bc6cde,crabby.kaufen,available,5.99,26.99,medium,low,6,namesilo,,,08/08/2026 07:43
9dd91cc8-276d-4d29-8ee0-7bdcc46cfcbd,also.kaufen,available,5.99,26.99,high,low,4,namesilo,,,
58bc0902-05f1-4d9c-b992-7478a8b11859,bear.kaufen,available,5.99,26.99,high,low,4,namesilo,,,
a1b7f840-d553-4823-bc12-30f09bff8454,childhood.kaufen,available,5.99,26.99,high,low,9,namesilo,,,
d60a376b-aaa1-4b0b-9aeb-c628ced449ce,lab.kaufen,available,5.99,26.99,high,medium,3,namesilo,,,
3bb8ca7a-b18f-427f-87db-b7896506b5fd,territory.kaufen,available,5.99,26.99,high,low,9,namesilo,,,
523b0d34-0f28-4e98-9074-86f9a73ccfcd,number.kaufen,available,5.99,26.99,high,low,6,namesilo,,,
69ac1733-32d4-4893-8449-d986d8082f8c,overjoy.kaufen,available,5.99,26.99,high,low,7,namesilo,,,
7064932c-ea8d-43b9-8543-bed5e3eecd6c,abc.kaufen,premium,1040,1040,high,medium,3,namecheap,,,
254d80c2-5bf7-40e2-986c-3dfef5869c33,toilet.kaufen,available,5.99,26.99,high,low,6,namesilo,,,
dc522ad4-5ed3-4d70-8c6c-f9eee2970751,train.kaufen,available,5.99,26.99,high,low,5,namesilo,,,
e743125e-43e0-46c6-ba35-8645d98935cf,renewal.kaufen,available,5.99,26.99,high,low,7,namesilo,,,
82c60155-ded4-45fd-a680-eecee133113a,texas.kaufen,available,5.99,26.99,high,medium,5,namesilo,,,
80ca3417-391c-4952-a649-aac06fae8671,monitory.kaufen,available,5.99,26.99,medium,low,8,namesilo,,,
30c0c4a0-9493-42f3-8091-f9ff1e20be7c,iii.kaufen,available,5.99,26.99,high,low,3,namesilo,,,
574b397d-aa97-48dc-9cd8-636f1fed1160,akimbo.kaufen,available,5.99,26.99,high,low,6,namesilo,,,
29476677-1b52-499d-8bea-96664e6b0ddf,difference.kaufen,available,5.99,26.99,high,low,10,namesilo,,,
5ed070d4-80a0-435e-a95f-9efb86111fcf,hang.kaufen,available,5.99,26.99,high,low,4,namesilo,,,
e06cc724-735e-4235-99ef-3b7027fb20b8,unfair.kaufen,available,5.99,26.99,high,low,6,namesilo,,,
5b8369da-b6b6-4c25-9724-7960017d7ba2,gleaming.kaufen,available,5.99,26.99,high,low,8,namesilo,,,
ddb55fb6-8a77-4684-86ec-d345b0368fe7,touching.kaufen,available,5.99,26.99,high,low,8,namesilo,,,
f6e70bc3-d085-4894-9773-e15391e1a628,lit.kaufen,available,5.99,26.99,high,medium,3,namesilo,,,
74acc35e-c1bd-4df5-b0cd-5424f3624389,bowls.kaufen,available,9.99,,high,low,5,name.com,,,
11ee4afe-d40d-4fad-9b1d-948e4a77682a,potbellied.kaufen,available,5.99,26.99,medium,low,10,namesilo,,,
7ee3f936-5e90-4819-bddb-89c9729105b6,anticipant.kaufen,available,5.99,26.99,medium,low,10,namesilo,,,
d1ecd594-6e3c-4bdf-9754-4e5abc65fd2d,warp.kaufen,available,5.99,26.99,high,medium,4,namesilo,,,
a3d1d5ac-3eb4-463b-9a57-cee7ca9c0706,choir.kaufen,available,5.99,26.99,high,low,5,namesilo,,,
7192cfd0-cff4-42eb-b375-f7be2325abfc,classroom.kaufen,available,5.99,26.99,high,low,9,namesilo,,,
4a6091af-2c97-4c27-9f8b-c9fb90c999f7,ninth.kaufen,available,5.99,26.99,high,low,5,namesilo,,,
ea7b8000-bdc8-483d-8712-0cfbd802b407,cloth.kaufen,available,5.99,26.99,high,low,5,namesilo,,,
fc9b4522-5998-4c21-8ea6-bff21ada78e6,political.kaufen,available,5.99,26.99,high,low,9,namesilo,,,
e979202c-ec19-4914-a73b-db2ec498210a,grown.kaufen,available,5.99,26.99,high,low,5,namesilo,,,08/09/2026 15:16
4154e099-707b-4a64-b02e-81e46a724487,lp.kaufen,premium,118.8,118.8,high,low,3,namesilo,,,
47af32a2-d258-4286-a78b-b8880c772027,knight.kaufen,available,5.99,26.99,high,low,6,namesilo,,,
ad987310-1248-437b-a6d0-f51c78eb641d,lucy.kaufen,available,5.99,26.99,high,low,4,namesilo,,,
b3295a8c-93be-4ba9-921f-bf3021b56609,principled.kaufen,available,5.99,26.99,high,low,10,namesilo,,,
7bf140d5-0e35-4aab-9718-86c5a41d017b,neighbor.kaufen,available,5.99,26.99,high,low,8,namesilo,,,
85ca13d7-af47-4283-95ce-9ceb9e276570,adieu.kaufen,available,5.99,26.99,high,low,5,namesilo,,,
fda88e4b-460f-45b7-8c0f-3a046ee283a8,adorables.kaufen,available,5.99,26.99,high,low,9,namesilo,,,
fe419ac9-76a4-4750-9ee0-428db95ef542,autotelic.kaufen,available,9.99,43.99,high,low,9,name.com,,,07/08/2026 21:08
ef2e3d89-8df2-4204-a64f-6c67f23c1010,untrue.kaufen,available,5.99,26.99,medium,low,6,namesilo,,,
7caa1e13-08e9-48dd-8723-71bbc5c56df1,watching.kaufen,available,5.99,26.99,high,low,8,namesilo,,,
a6ba0ba7-deab-498c-98a2-9d4d05b01e38,anatomy.kaufen,available,5.99,26.99,high,low,7,namesilo,,,
adf2416c-741d-4e1a-888b-f31191c6a0ad,candle.kaufen,available,5.99,26.99,high,low,6,namesilo,,,
5037607c-c013-4ed9-bd1f-2739c8fd60a6,tornado.kaufen,available,9.99,,high,low,7,name.com,,,
824dfbd6-86cb-46ca-b995-c8629f3daaeb,bicycle.kaufen,available,5.99,26.99,high,low,7,namesilo,,,
1087c60c-7511-4fb3-8609-96ab0d72bc7f,strapping.kaufen,available,5.99,26.99,medium,low,9,namesilo,,,09/08/2026 08:02
d423043c-2d5f-4d22-9d0a-d5f0989a3881,spine.kaufen,available,5.99,26.99,high,low,5,namesilo,,,
7f6a8ffc-4e27-40ac-8c9c-04b5d7bb8edd,garage.kaufen,available,5.99,26.99,high,low,6,namesilo,,,
b6fad5c9-0aeb-487e-94f0-ae3058cb29e3,major.kaufen,available,5.99,26.99,high,low,5,namesilo,,,
2619e860-9cf9-428f-bab6-26bcbec2bcf3,ennead.kaufen,available,5.99,26.99,medium,low,6,namesilo,,,
6ef26dcf-914e-46a2-b9cf-5ddc290b6d05,strawberry.kaufen,available,5.99,26.99,high,low,10,namesilo,,,
3b424768-da4c-4b70-b794-500efff5080f,kept.kaufen,available,5.99,26.99,high,low,4,namesilo,,,
e7c1243e-756c-49b4-8f52-14e51e5c58c7,consumption.kaufen,available,5.99,26.99,high,low,11,namesilo,,,
d7abf1ba-62b3-4622-9c0f-773483f8e591,loopy.kaufen,available,5.99,26.99,medium,low,5,namesilo,,,06/08/2026 21:22
23302f37-960d-4796-98a2-b407b7bc7635,saucer.kaufen,available,5.99,26.99,high,low,6,namesilo,,,
76b27cee-4503-4269-b59e-ffa9ab134383,intended.kaufen,available,5.99,26.99,high,low,8,namesilo,,,
ea0e227e-a34c-4f2e-b5b3-c9d857f0c859,astringent.kaufen,available,5.99,26.99,medium,low,10,namesilo,,,
55eb9bc4-4856-45b7-a034-b24facdec836,playdate.kaufen,available,5.99,26.99,high,low,9,namesilo,,,
06b0d346-1e3b-4a0e-a47f-873a6b804007,interested.kaufen,available,5.99,26.99,high,low,10,namesilo,,,
afdb7e60-51a4-4356-9814-5d57767abef8,albanian.kaufen,available,5.99,26.99,high,low,8,namesilo,,,
4aabbe30-38b7-46f9-8641-34fb0d3c1d66,replacement.kaufen,available,5.99,26.99,high,low,11,namesilo,,,
d6ec627c-5c80-4752-871b-c9b063db17fb,aphonic.kaufen,available,5.99,26.99,medium,low,7,namesilo,,,05/08/2026 23:17
776cf8c6-b5b7-4916-afb7-d4d29dec66cd,vent.kaufen,available,5.99,26.99,high,low,4,namesilo,,,
fbc37f6b-63e5-46bf-a078-2aeb791a0ee3,actinon.kaufen,available,5.99,26.99,medium,low,7,namesilo,,,
eac152df-5ae8-4c95-ae17-0b72a23f4ed1,butt.kaufen,available,5.99,26.99,medium,low,4,namesilo,,,09/08/2026 10:40
4d8544cc-1174-4ae7-8cb9-eaece57f6cf0,chatbot.kaufen,available,5.99,26.99,high,medium,7,namesilo,,,
5d0ff930-1b4a-4d8a-bab0-98680d58c72a,competing.kaufen,available,5.99,26.99,high,low,9,namesilo,,,
b5c7ec03-831e-44a5-9c9d-48e82956166c,repel.kaufen,available,5.99,26.99,high,low,5,namesilo,,,
4d5b5676-c679-4a4d-83e7-201606c5e361,unemployment.kaufen,available,5.99,26.99,high,low,12,namesilo,,,
1e5a7168-c8af-42f8-b8fb-abcb66beaa75,yours.kaufen,available,5.99,26.99,high,low,5,namesilo,,,
712d59a6-5170-4cc3-97f5-75e4af70d3e7,swell.kaufen,available,5.99,26.99,high,low,5,namesilo,,,08/08/2026 12:50
8fc6bcb0-d7d4-4e0b-b973-1582b5cde3b3,excursion.kaufen,available,5.99,26.99,high,low,9,namesilo,,,
b4e0bf51-44f4-4ee2-a2fc-fc7a111f4abc,remain.kaufen,available,9.99,,high,low,6,name.com,,,
8d878bf2-0abc-4184-ad5a-f562318026c0,alienating.kaufen,available,5.99,26.99,medium,low,10,namesilo,,,
ccd13963-3a40-4468-b86f-2ac529a31d60,lxxv.kaufen,available,9.99,43.99,medium,low,4,name.com,,,
ecec7e84-730c-4c0c-a935-8c62dc902812,angulate.kaufen,available,5.99,26.99,high,low,8,namesilo,,,
d1f4e4b7-4c2e-4a5f-bc21-bb4f1672b893,kind.kaufen,available,5.99,26.99,high,low,4,namesilo,,,
4e49055f-30eb-4c23-87e3-514ebe4de7bc,restructuring.kaufen,available,5.99,26.99,high,low,13,namesilo,,,
b0e9f004-19c9-4839-9bce-52b7ca96e69a,everbody.kaufen,available,5.99,26.99,medium,low,8,namesilo,,,
09127d72-3f2f-4312-a356-34ba43721c18,nebula.kaufen,available,5.99,26.99,high,low,6,namesilo,,,
b08625ac-54f5-403e-ae98-f6920adf41a7,shakespeare.kaufen,available,5.99,26.99,high,low,11,namesilo,,,
e78ef114-930b-4b8c-989c-6e99630632a9,heptad.kaufen,available,5.99,26.99,medium,low,6,namesilo,,,
969cd72a-acc8-4c9d-be6a-53a8e4c12fe5,qualifier.kaufen,available,9.99,,high,low,9,name.com,,,
7a41b5bb-b421-45e3-a299-2eb79a2a2900,disrespect.kaufen,available,5.99,26.99,high,low,10,namesilo,,,
8fe4a652-b1ee-4fe5-bc56-6e8dd63422e4,hour.kaufen,available,5.99,26.99,high,low,4,namesilo,,,
82b6ef8e-5c47-44b4-a4ea-ddc3ff8de752,contrast.kaufen,available,5.99,26.99,high,low,8,namesilo,,,
bb7c0862-3a22-4be0-afd8-7904bca167f4,papal.kaufen,available,5.99,26.99,medium,low,5,namesilo,,,06/08/2026 04:09
f7d5b335-11ae-4416-9319-905a016b48d8,lick.kaufen,available,5.99,26.99,high,low,4,namesilo,,,
9aaeda2a-8b1f-4e59-aff8-56b12f28463f,contact.kaufen,available,5.99,26.99,high,medium,7,namesilo,,,
399b71c1-11a9-4493-b9ce-b97a79dbfec2,listed.kaufen,available,5.99,26.99,high,low,6,namesilo,,,
c40aef1f-0eb2-4095-ac0c-a0b07d689fc1,learnt.kaufen,available,5.99,26.99,medium,low,6,namesilo,,,
9b93ae29-d672-4019-8b37-93cb7c690885,electricity.kaufen,available,9.99,,high,low,11,name.com,,,
6c8f13ae-be85-4d11-bb8c-2e7b4f7da19a,bra.kaufen,available,5.99,26.99,high,low,3,namesilo,,,
6cbc2a06-c800-4833-bb14-7185384adefe,unending.kaufen,available,5.99,26.99,high,low,8,namesilo,,,
3f9b44a2-f343-46c2-966d-d187fa446307,achromatic.kaufen,available,5.99,26.99,medium,low,10,namesilo,,,
e598f1d9-3f1d-4e15-8859-1a115aaf1001,repulsive.kaufen,available,5.99,26.99,medium,low,9,namesilo,,,
1c39a860-80b8-40d1-9816-966747334609,authorial.kaufen,available,5.99,26.99,medium,low,9,namesilo,,,07/08/2026 16:19
7041c948-7bd8-4747-9caf-eabe01db78fa,suck.kaufen,available,5.99,26.99,high,low,4,namesilo,,,
7fc4bec5-65fd-4bc8-8170-d5a38ff72be7,forgetting.kaufen,available,5.99,26.99,high,low,10,namesilo,,,
f329ee4b-78a2-4ec5-94c0-69fb27d23ede,sea.kaufen,available,5.99,26.99,high,low,3,namesilo,,,
156877bf-b6c7-41cb-9071-babb13efa048,google.kaufen,available,,,high,medium,6,,,,
59ea3c5e-d9a5-46be-b351-ee7b03215787,amnionic.kaufen,available,5.99,26.99,medium,low,8,namesilo,,,
6c26e154-b44e-42b1-ac21-2c5f62a3b782,aids.kaufen,available,5.99,26.99,high,low,4,namesilo,,,
7b05f72a-e395-4494-ab31-556cd5f9a223,humans.kaufen,available,5.99,26.99,high,medium,6,namesilo,,,
5f130631-8475-4826-b2e3-a8cea0b0bd6b,bruce.kaufen,available,5.99,26.99,high,low,5,namesilo,,,
d1ea77f6-0de9-41af-8642-8fc70f22fa53,world.kaufen,resell,,,high,medium,5,Porkbun LLC,12/04/2025 21:30,12/04/2027 21:30,
e04569d4-5e51-462e-949e-c10791616916,condom.kaufen,available,5.99,26.99,high,low,6,namesilo,,,
cff7081c-fd2d-4ad9-8a33-db96076f4ff9,whitefish.kaufen,available,5.99,26.99,high,low,10,namesilo,,,
f6402be6-0b28-448d-ad31-ad5c7575ef57,ague.kaufen,available,5.99,26.99,medium,low,4,namesilo,,,
8c894017-0b12-4cc7-835e-0c219a73d6b9,renegade.kaufen,available,5.99,26.99,high,low,8,namesilo,,,06/08/2026 03:45
df40abb6-1033-457e-8e41-d10d95d848c1,highlighting.kaufen,available,5.99,26.99,high,low,12,namesilo,,,
75b5fe92-d677-45f7-8a3f-a9d03a4ac8c5,curl.kaufen,available,5.99,26.99,high,low,4,namesilo,,,
02911e13-32cf-4d44-a000-29de730ac14b,acicular.kaufen,available,5.99,26.99,medium,low,8,namesilo,,,
ccb63056-c955-4818-9c9c-db950d0eb0e6,remote.kaufen,available,5.99,26.99,high,medium,6,namesilo,,,
e21cbfc2-bae9-4d0c-aa0f-7286afc21d0b,variable.kaufen,available,5.99,26.99,high,low,8,namesilo,,,
a27279ce-b8d6-4965-9c9e-632dfa13de8e,obviously.kaufen,available,5.99,26.99,high,low,9,namesilo,,,
9fe9f129-576a-4028-b386-cf4c51591c37,shocked.kaufen,available,5.99,26.99,high,low,7,namesilo,,,
0c65aef2-f067-4ab9-804c-8ae7bb130ea4,woods.kaufen,available,5.99,26.99,high,low,5,namesilo,,,
2a02e56b-6cf5-4e15-be1f-be1f653b48c5,meter.kaufen,available,5.99,26.99,high,low,5,namesilo,,,
e4f689bd-baa3-4683-bc79-c48b6823ea3f,affiliate.kaufen,available,5.99,26.99,high,low,9,namesilo,,,
a0f20cd6-23d7-456f-b7fd-a77460266aad,xxxv.kaufen,available,5.99,26.99,high,low,4,namesilo,,,
621bb7f5-11fe-464b-b5d3-35c485fde4b1,lacking.kaufen,available,5.99,26.99,high,low,7,namesilo,,,
bd0ccad6-2780-4f97-833b-37e94b332a38,lxii.kaufen,available,5.99,26.99,medium,low,4,namesilo,,,
f9e239d3-7387-423c-89f4-995fa12094af,formalize.kaufen,available,5.99,26.99,high,low,9,namesilo,,,
64b5fd74-384a-4ca0-9a0e-298ea11ac5b8,told.kaufen,available,5.99,26.99,medium,low,4,namesilo,,,
7f4c2b1c-988f-4127-a25f-06b8eed5d144,irritating.kaufen,available,5.99,26.99,medium,low,10,namesilo,,,
8eabf192-cab7-4348-bfc2-853fd485d68b,lush.kaufen,available,,,high,low,4,,,,
51b20906-015f-4e33-8e6b-6a1321a0735d,venerable.kaufen,available,9.99,,high,low,9,name.com,,,
a5941f23-cd91-4c5a-ab7a-3bb286d90b34,monetary.kaufen,available,5.99,26.99,high,low,8,namesilo,,,
216783e8-dede-4506-b6a7-72a3d15dc048,awol.kaufen,available,5.99,26.99,high,low,4,namesilo,,,08/08/2026 01:46
f420ef24-94e5-432e-8649-db074c3c1d12,albitic.kaufen,available,5.99,26.99,medium,low,7,namesilo,,,
dbd344d3-3260-4e1f-b061-4592f8b1ea96,russian.kaufen,available,9.99,,high,low,7,name.com,,,
b9909f44-3912-4c4c-b806-ad4acf97213a,aroid.kaufen,available,5.99,26.99,medium,low,5,namesilo,,,06/08/2026 11:30
184a4a39-c7b7-4868-9e35-9f1da7ddc547,milk.kaufen,available,9.99,,high,low,4,name.com,,,
74161bc7-37fa-488b-b55f-c8fb6ecbfd5b,passive.kaufen,available,5.99,26.99,high,low,7,namesilo,,,
5e03c99d-c6cb-4461-b6fd-03384bf83294,mouthguard.kaufen,available,9.99,,medium,low,11,name.com,,,
cf28266a-ccdd-43a3-a7f8-51535f0aa65f,runabout.kaufen,available,5.99,26.99,high,low,9,namesilo,,,
ce8a9f55-cb09-4411-afa0-33f819fd8364,aryan.kaufen,available,5.99,26.99,high,high,5,namesilo,,,07/08/2026 00:01
934f3f99-68c9-4179-9861-ea4a0a444eca,perch.kaufen,available,5.99,26.99,high,low,5,namesilo,,,
066c3b5c-b809-43c3-ba4b-d4d44b2506fa,switch.kaufen,available,,,high,low,6,,,,
5eee3090-9983-43bf-9da7-623658ca4fec,prioritize.kaufen,available,5.99,26.99,high,low,10,namesilo,,,
3362af8e-31ab-47ca-b3d6-100fbcd968d5,alienable.kaufen,available,5.99,26.99,medium,low,9,namesilo,,,
b58142fb-d124-4a56-94c4-87a1985ce899,aladdin.kaufen,available,,,high,low,7,,,,
e175ceb2-5acf-4674-a1fb-86ac983fef8f,student.kaufen,available,9.99,,high,low,7,name.com,,,
55c9ca94-9157-4879-99f3-907fa4f23921,dendroid.kaufen,available,5.99,26.99,medium,low,8,namesilo,,,06/08/2026 13:50
df049c4d-e759-40fc-b37b-ab6fa0f75a71,whereby.kaufen,available,9.99,,medium,low,7,name.com,,,
fdb126b9-8a26-4fb8-9a81-291d321adf2f,detection.kaufen,available,5.99,26.99,high,low,9,namesilo,,,
5d7f7c59-3449-4b5b-ba80-67343e8f4c9e,multiplication.kaufen,available,5.99,26.99,medium,low,14,namesilo,,,
08ce5cd4-53a6-49ab-ae13-c4a6a6048817,acknowledge.kaufen,available,9.99,,high,low,11,name.com,,,
b8b2fdcd-b6d8-439c-9840-bde4436ad930,stereotype.kaufen,available,9.99,,high,low,10,name.com,,,
d4eaf0f4-cfb2-48c3-95f6-a9a5e5eb4630,anatropous.kaufen,available,5.99,26.99,medium,low,10,namesilo,,,
031abb4c-a12e-400c-a172-6d604b934e81,inch.kaufen,available,5.99,26.99,high,low,4,namesilo,,,
e6873098-821d-49f3-8f44-0fe9407b8999,comprise.kaufen,available,5.99,26.99,high,low,8,namesilo,,,
7ffd3e7b-6827-4e89-8f6e-74797955a4db,beforehand.kaufen,available,5.99,26.99,medium,low,10,namesilo,,,09/08/2026 08:51
e1e96b65-5a6d-4e65-83c8-a98f2305f640,detest.kaufen,available,5.99,26.99,medium,low,6,namesilo,,,
fe9a0757-8ab8-47ca-97ea-4ffc7f76601c,onions.kaufen,available,5.99,26.99,high,low,6,namesilo,,,
4ebd3f19-eeee-4c75-a51d-56c2ef52b2f1,philippines.kaufen,available,,,high,low,11,,,,
9eddeea2-a895-4eac-ae50-c014e847f762,holding.kaufen,available,5.99,26.99,high,low,7,namesilo,,,
2311fb48-a89c-4d0d-a8a0-c46d395a1ea9,complicate.kaufen,available,5.99,26.99,high,low,10,namesilo,,,08/09/2026 14:25
a6a5c11a-7522-4a81-8499-aded4ac58145,cheated.kaufen,available,5.99,26.99,medium,low,7,namesilo,,,
6588b39a-feea-464e-b11a-e743fd613352,many.kaufen,available,5.99,26.99,high,low,4,namesilo,,,
2148a371-b16f-4fd2-a032-54ecf9bd26ad,dismissal.kaufen,available,5.99,26.99,high,low,9,namesilo,,,
281eb98e-b510-4ab1-9eaa-d245b376299d,recipe.kaufen,available,5.99,26.99,high,low,6,namesilo,,,
f25fc320-1de5-4890-8eb6-1af661ddfb58,tracked.kaufen,available,5.99,26.99,high,low,7,namesilo,,,
dce9658d-f451-4e17-86fb-029b539aaf95,from.kaufen,available,5.99,26.99,high,low,4,namesilo,,,08/09/2026 08:57
0c8a621c-22d1-4138-bf8f-4c6405ce71af,cali.kaufen,available,5.99,26.99,high,low,4,namesilo,,,
ae466efc-6a21-484c-a621-406ee10aa1f3,unlimited.kaufen,available,5.99,26.99,high,low,9,namesilo,,,
dd3f6ffd-7328-41fb-b748-d0c0f9ad76c5,harmony.kaufen,available,5.99,26.99,high,low,7,namesilo,,,
11d150dc-4135-4639-811d-821dd76c3057,touch.kaufen,available,5.99,26.99,high,low,5,namesilo,,,
f2492d4c-99fe-496e-b335-3b04bd23c7d3,college.kaufen,available,5.99,26.99,high,low,7,namesilo,,,
c30f7705-1bf8-4ae3-b5ff-05b0018d7d20,corona.kaufen,available,,,high,low,6,,,,
f5c5025e-7e03-4f0c-abc8-206c994974ce,ding.kaufen,available,9.99,,high,low,4,name.com,,,
2deeac71-55af-4cec-9c88-11ee1249ad4d,fervid.kaufen,available,5.99,26.99,high,low,6,namesilo,,,06/08/2026 16:19
69dc4bff-28cd-4521-9164-806fd0610ab9,ate.kaufen,available,5.99,26.99,high,low,3,namesilo,,,
fc51dae0-161b-4c6f-aec0-b7a2644f7dfb,sup.kaufen,available,9.99,,high,low,3,name.com,,,
3d653141-620d-47b3-8bda-add4e2964c71,countries.kaufen,available,9.99,,medium,low,9,name.com,,,
062b335a-1c5c-4c16-b357-086042e5b08f,shift.kaufen,available,5.99,26.99,high,medium,5,namesilo,,,
8eae7580-4154-4fa7-a565-dee2bd67ea2a,pretend.kaufen,available,5.99,26.99,high,low,7,namesilo,,,
2e817ac5-f927-4532-8211-f5a59ba0f863,potentiality.kaufen,available,5.99,26.99,high,low,12,namesilo,,,
cd4cb6ec-2b54-4879-adf7-9254674f460d,yearly.kaufen,available,5.99,26.99,high,low,6,namesilo,,,
6c625f7f-9635-44f4-926d-f369e80be02e,ladder.kaufen,available,5.99,26.99,high,low,6,namesilo,,,
b626612a-a3bd-4b65-80b3-c695039b1c9d,thunder.kaufen,available,5.99,26.99,high,low,7,namesilo,,,
60c12ccb-b6c1-424c-8859-0e42ff756b3e,aguish.kaufen,available,5.99,26.99,medium,low,6,namesilo,,,
f4759072-66dd-4bdc-b110-d3cea61a354b,mop.kaufen,available,9.99,,high,low,3,name.com,,,
cf519b60-1182-4cd0-81c2-0612af489ca3,seen.kaufen,available,5.99,26.99,high,low,4,namesilo,,,
24dd6e3a-9abe-4d64-930f-c8273e686f96,ascetic.kaufen,available,5.99,26.99,high,low,7,namesilo,,,07/08/2026 00:56
7e30223b-d1c0-46ec-b47e-3c6aab5bbf0a,pharmacist.kaufen,available,9.99,,high,low,10,name.com,,,
9aa8e476-520a-492c-9b56-5a61db1df3e6,structures.kaufen,available,5.99,26.99,medium,low,10,namesilo,,,
2b922c5a-58ba-4e5e-9e41-c1b2b4e79509,ruin.kaufen,available,5.99,26.99,high,low,4,namesilo,,,08/08/2026 13:39
33347ca6-abd1-48d0-8fe9-0aa27962e171,ain.kaufen,available,5.99,26.99,high,low,3,namesilo,,,
e7aee56b-e438-4fc2-8919-57fe8ecd8be2,syndrome.kaufen,available,9.99,,high,low,8,name.com,,,
c887d177-5781-4331-89be-dba90e47399e,influence.kaufen,available,5.99,26.99,high,low,9,namesilo,,,08/09/2026 08:44
5fc546c4-8d36-434c-b660-fe280b65ddd9,knock.kaufen,available,5.99,26.99,high,low,5,namesilo,,,
dbd65f9d-3989-49ba-a863-e81f2da5194d,arcane.kaufen,available,5.99,26.99,high,low,6,namesilo,,,06/08/2026 14:24
99a9bcc1-173b-41a7-bba5-b3a3fe9e4e83,headteacher.kaufen,available,9.99,,high,low,12,name.com,,,
6e915d0b-5c66-4304-89e4-df977703faaa,bankrupt.kaufen,available,5.99,26.99,high,low,8,namesilo,,,08/08/2026 13:29
d2b9dd66-51a1-4643-a3e1-aabc2c36e5f9,sob.kaufen,available,5.99,26.99,high,low,3,namesilo,,,08/08/2026 23:48
e89b0ef7-4032-4e54-878d-1c25b467d978,shopping.kaufen,available,5.99,26.99,high,low,8,namesilo,,,
993aa7ac-7bcd-48cc-bc4d-2be5e41d55a6,stroke.kaufen,available,9.99,,high,low,6,name.com,,,
7bb6c588-570f-4f0c-bfe0-9839712268fa,masters.kaufen,available,5.99,26.99,high,low,7,namesilo,,,
c5c30d8a-1707-422b-bad5-71f538a2d198,sequent.kaufen,available,5.99,26.99,high,low,7,namesilo,,,
353b29ad-ca34-4e04-944f-c207733976b7,lithuania.kaufen,available,,,high,low,9,,,,
67f33797-72ad-4917-b55a-29bbda02b18d,regulate.kaufen,available,5.99,26.99,high,low,8,namesilo,,,
f722a0f1-5895-42b6-8a0a-84437db99dde,normal.kaufen,available,,,high,low,6,,,,
185e672f-0e56-47a5-8b2d-ca2276bf439b,asexual.kaufen,available,5.99,26.99,high,low,7,namesilo,,,07/08/2026 01:33
69f60856-7145-4828-8c3c-63e31e0af0ef,rectangle.kaufen,available,5.99,26.99,high,low,9,namesilo,,,
9e042c45-000c-464a-a056-9db1eda57fd7,upward.kaufen,available,5.99,26.99,high,low,6,namesilo,,,
f02ef6f1-bbd2-4ac6-9b0e-52a0dd61679b,feminism.kaufen,available,5.99,26.99,high,low,8,namesilo,,,
0627b687-be37-4ca8-9c25-6540778f77c1,jacks.kaufen,available,5.99,26.99,high,low,5,namesilo,,,
f1dce63b-d00c-4056-96ee-7dde4da4a6ca,tiptop.kaufen,available,5.99,26.99,high,low,6,namesilo,,,
61f02af2-916c-4ffb-be27-7964594ae96e,anuran.kaufen,available,5.99,26.99,medium,low,6,namesilo,,,05/08/2026 20:48
ec30d46f-fe41-4bc0-b55a-7ae41fcbb637,mouthfeel.kaufen,available,9.99,,high,low,10,name.com,,,
4d5d5ad4-010d-48ab-81f9-cbd915a7f5fe,chair.kaufen,available,5.99,26.99,high,low,5,namesilo,,,
727eb78e-bd35-4ef3-b551-906e36e4cc0a,across.kaufen,available,5.99,26.99,high,low,6,namesilo,,,
40bcd6a9-bf31-4171-9bc3-8d018263ceb8,indentured.kaufen,available,5.99,26.99,medium,low,10,namesilo,,,06/08/2026 08:34
db15d714-1988-4639-b66d-bc5cbe07426a,retirement.kaufen,available,5.99,26.99,high,low,10,namesilo,,,
1890b054-f683-41a1-bf55-11effa058df7,pacific.kaufen,available,5.99,26.99,high,low,7,namesilo,,,
3122e1ce-5fbb-40dd-afe8-bda21cae347b,itchy.kaufen,available,9.99,43.99,high,low,5,name.com,,,05/08/2026 20:43
afa4cd2a-dc77-40e8-ba7c-c428d859e20f,absence.kaufen,available,5.99,26.99,high,low,7,namesilo,,,
9b199bcb-9f22-4fb4-8560-cf7d7882a3b8,lyrics.kaufen,available,5.99,26.99,high,low,6,namesilo,,,
616c6464-7a52-413d-b4e5-7c6f4bce4d8a,bit.kaufen,available,5.99,26.99,high,medium,3,namesilo,,,
a77fb283-f093-46bb-96f3-b330cf9eee72,sanative.kaufen,available,5.99,26.99,medium,low,8,namesilo,,,
d01ea2ba-5258-4d57-aaa7-ddba8333f482,tierce.kaufen,available,5.99,26.99,medium,low,6,namesilo,,,
fd58fe00-b9cb-4a18-b308-55d3e760b58e,amyloid.kaufen,available,5.99,26.99,medium,low,7,namesilo,,,
b709a2eb-60a4-4045-af05-d5f83b7f436b,angolan.kaufen,available,5.99,26.99,high,low,7,namesilo,,,
a4e4fa5d-d984-4ebe-8002-2551e6d94009,backpack.kaufen,available,5.99,26.99,high,low,8,namesilo,,,
920c9da7-c769-4cba-a2d4-4cde130f7f57,review.kaufen,available,5.99,26.99,high,medium,6,namesilo,,,
d2955c35-4d79-4b52-a2a1-1f145af2f2a9,vitamin.kaufen,available,,,high,low,7,,,,
795ba64e-b3a7-4cc6-8722-cb397c4e7f73,yall.kaufen,available,5.99,26.99,medium,low,4,namesilo,,,
57b6c0e1-3472-4a30-bc50-81b7b1a2f461,gmail.kaufen,available,,,high,medium,5,,,,
9e939ec5-c2d0-4d92-81c6-eadf5c28c9ec,pay.kaufen,resell,,,high,medium,3,Virtualia LLC,14/11/2023 15:15,14/11/2026 15:15,
bc244289-c9fa-4a2d-ac40-fb1002a7f419,astern.kaufen,available,5.99,26.99,medium,low,6,namesilo,,,
f58b5de7-cfd8-4657-a738-5603c7e394ab,snapping.kaufen,available,5.99,26.99,high,low,8,namesilo,,,
5fc8ffa8-a897-4a0f-b0ff-ab7cde8d0cc1,trained.kaufen,available,5.99,26.99,high,low,7,namesilo,,,
87f2380a-08cf-4357-894e-02bbf5a37c13,workings.kaufen,available,5.99,26.99,high,low,8,namesilo,,,
565ec4e2-7836-4605-bae7-d0feec0ca95c,aol.kaufen,available,,,high,low,3,,,,
91e5f9a7-bd2b-4f5e-bcd9-041d3f62435e,both.kaufen,available,5.99,26.99,high,low,4,namesilo,,,
d386d996-76cc-4e2e-b83a-6655af551e7f,cxx.kaufen,available,5.99,26.99,high,low,3,namesilo,,,
92afaca1-f053-4dca-ae6a-29f5e758d901,dragon.kaufen,available,5.99,26.99,high,medium,6,namesilo,,,
05d64706-0aa0-4c0c-a9c6-ee0993ea012e,expecting.kaufen,available,5.99,26.99,high,low,9,namesilo,,,
0ddf39a4-3c6a-4514-bfeb-5a0b06d1bbea,underwear.kaufen,available,5.99,26.99,high,low,9,namesilo,,,
6e17c67d-0618-4f4e-b43c-5041c8ff95f3,lodge.kaufen,available,5.99,26.99,high,low,5,namesilo,,,
ee572317-b43b-42f7-aa2a-97225ba25ed0,hellish.kaufen,available,5.99,26.99,medium,low,7,namesilo,,,09/08/2026 04:59
eaa38575-0bc3-48bc-843d-15f16bb29081,uml.kaufen,available,5.99,26.99,high,low,3,namesilo,,,
18e56994-eba9-43cd-9ae0-ca6bc707ae3d,namely.kaufen,available,9.99,,high,low,6,name.com,,,
e5502c74-6361-481b-a7ce-afffd09ca0d2,astronomic.kaufen,available,5.99,26.99,medium,low,10,namesilo,,,07/08/2026 10:10
c68fc8e8-242e-4b36-aa11-ec7a9f4c9499,perform.kaufen,available,5.99,26.99,high,low,7,namesilo,,,
b5bb8634-6083-45d6-97a5-c3e5186ab328,per.kaufen,available,9.99,,high,low,3,name.com,,,
876f168f-e200-4f22-8f47-93713c88b143,aaron.kaufen,available,5.99,26.99,high,low,5,namesilo,,,
48620fbe-1434-4252-8170-a8ea86946028,less.kaufen,available,5.99,26.99,high,low,4,namesilo,,,
d0747eb3-4cc4-46d2-91b6-bdb50fff0bf3,angled.kaufen,available,5.99,26.99,high,low,6,namesilo,,,
ce2e895f-be64-4516-b706-35d6fc417342,inexorable.kaufen,available,5.99,26.99,medium,low,10,namesilo,,,
4b03d70f-b060-44c0-9194-36ff9289c9ae,anthropoid.kaufen,available,5.99,26.99,high,low,10,namesilo,,,
58846226-0ed4-4152-8d46-59e659281523,smartly.kaufen,available,5.99,26.99,high,low,7,namesilo,,,
aaacb76d-2093-4872-9512-f69bd9f34790,ambient.kaufen,available,5.99,26.99,high,low,7,namesilo,,,
64fbcbb0-5065-4b0f-a18f-72dd258ca12d,ebook.kaufen,premium,38.94,38.94,high,low,6,namesilo,,,
a09e0984-c351-4c77-83e8-71dc2cbaa766,agleam.kaufen,available,5.99,26.99,medium,low,6,namesilo,,,
eb9283eb-a458-46b8-b5b7-d50ae5da81aa,ironic.kaufen,available,5.99,26.99,high,low,6,namesilo,,,
fe23d832-a05d-4d71-a7ca-a497fb0bbc49,bahrain.kaufen,available,,,high,low,7,,,,
deae26b9-d6a7-4a1b-b917-f1c95af09693,haste.kaufen,available,9.99,,high,low,5,name.com,,,
58970fd1-7ffe-4c93-9e98-0ea8e13fc307,aliform.kaufen,available,5.99,26.99,medium,low,7,namesilo,,,
2cbfd648-aff4-49f0-bdce-b4e134473cf5,contrasting.kaufen,available,5.99,26.99,high,low,11,namesilo,,,
3b99e668-4823-43cd-bd6f-884a6865d0e3,dvd.kaufen,premium,118.8,118.8,high,low,3,namesilo,,,
9176af66-d01f-477c-a4e4-884c5ccdf916,allowed.kaufen,available,5.99,26.99,high,low,7,namesilo,,,
79e23649-6f70-4dea-bf19-21b294545d42,dorsal.kaufen,available,5.99,26.99,high,low,6,namesilo,,,
1c12e331-f98a-49ac-b392-40c77d841e43,analyzable.kaufen,available,5.99,26.99,medium,low,10,namesilo,,,
348f2465-9397-4429-9fca-6e728abed126,laugh.kaufen,available,5.99,26.99,high,low,5,namesilo,,,
44b52b5f-075f-4ead-9317-63947a3e485f,contents.kaufen,available,5.99,26.99,high,low,8,namesilo,,,
5a3ca64b-156b-4a98-a85b-f65a9ad99073,male.kaufen,available,5.99,26.99,high,low,4,namesilo,,,
32cc9995-7bfc-41cc-86ad-b8a29df0a2b2,acidotic.kaufen,available,5.99,26.99,medium,low,8,namesilo,,,
fced2d1d-a031-44c9-91cc-9935168270f0,aphoristic.kaufen,available,5.99,26.99,medium,low,10,namesilo,,,05/08/2026 23:31
2e7bc0e5-5d6b-454c-ba4e-68c889a513ed,bonkers.kaufen,available,5.99,26.99,medium,low,7,namesilo,,,06/08/2026 20:40
3127c078-3312-4c70-9996-3eb4d6646f5b,neighborhood.kaufen,available,5.99,26.99,high,low,12,namesilo,,,
8d38a707-9c2e-4022-ac5d-2d9bd3386b59,hackneyed.kaufen,available,5.99,26.99,medium,low,9,namesilo,,,08/08/2026 10:56
4c46f7e7-4b92-41a4-848f-211bbdda621b,soundbar.kaufen,available,5.99,26.99,high,low,8,namesilo,,,
2641b3a1-5da1-4a5c-a8b1-42e81aefd6c0,insist.kaufen,available,5.99,26.99,high,low,6,namesilo,,,
a957ccc1-8c91-45e7-8435-6417a94fa554,haven.kaufen,available,5.99,26.99,high,medium,5,namesilo,,,
924a7859-26ce-4e8a-bce8-5f2d1ea4c93e,situation.kaufen,available,5.99,26.99,high,low,9,namesilo,,,
b16c0867-ae5b-4137-ac7c-f946a0c17070,meddle.kaufen,available,5.99,26.99,high,low,6,namesilo,,,
9060641f-8097-4969-8916-862f564b8eb3,ambrosian.kaufen,available,5.99,26.99,high,low,9,namesilo,,,
b680087e-2cb7-494c-9990-8978bf0ce7a3,ensure.kaufen,available,5.99,26.99,high,low,6,namesilo,,,
b62e0675-782c-4371-beb4-2f5e218cf1ca,shoulders.kaufen,available,5.99,26.99,high,low,9,namesilo,,,
b2c73264-0901-404d-baf3-40a39445ce42,reporting.kaufen,available,5.99,26.99,high,low,9,namesilo,,,
c9e952e2-166b-4b0e-91ad-adee7441c0cb,amino.kaufen,available,9.99,43.99,high,low,5,name.com,,,
395794ea-cee8-4e2d-b8db-2a52bb90bd93,truly.kaufen,available,9.99,,high,low,5,name.com,,,
e76985e5-060a-4164-b75b-b9b4d13b7898,arbitrary.kaufen,available,5.99,26.99,high,low,9,namesilo,,,06/08/2026 12:54
da7ce90c-5585-4d29-91b1-6c5f4b3e423b,fervent.kaufen,available,5.99,26.99,high,low,7,namesilo,,,06/08/2026 16:14
e4712841-d687-4baf-9995-c03ef5571c95,discard.kaufen,available,5.99,26.99,high,low,7,namesilo,,,
3b0d847f-af6c-4504-a448-21b5863db9b0,groundless.kaufen,available,5.99,26.99,medium,low,10,namesilo,,,08/08/2026 21:49
bcf30e79-65bf-41a6-bda5-687c2c9e28e5,slushy.kaufen,available,5.99,26.99,medium,low,6,namesilo,,,09/08/2026 01:25
87078ab6-24fb-4f5d-9d1b-385426b6e8d3,planless.kaufen,available,5.99,26.99,medium,low,8,namesilo,,,
3a0e6658-44d2-48d7-88fa-09c2baf884ca,lxxxiii.kaufen,available,5.99,26.99,medium,low,7,namesilo,,,
a9528804-5f4c-46f8-93d1-8f0939c214d0,riding.kaufen,available,5.99,26.99,high,low,6,namesilo,,,
681e2006-4a00-464b-9c45-637171e36559,technique.kaufen,available,9.99,,high,low,9,name.com,,,
a5806912-ad87-45ba-abaf-32c7de0dd582,shine.kaufen,available,5.99,26.99,high,low,5,namesilo,,,
780a1b89-c370-49b5-8d71-7d5a36378ade,ultimately.kaufen,available,5.99,26.99,high,low,10,namesilo,,,
ecf4f4e1-4464-466c-9025-c7d9e7460cfc,behavioral.kaufen,available,5.99,26.99,medium,low,10,namesilo,,,09/08/2026 10:16
15fd7623-53b9-4d18-bab9-ebd8063d0db8,hype.kaufen,available,5.99,26.99,high,medium,4,namesilo,,,
320dc5a3-b156-4db4-aa7f-21c309eb10d0,prairie.kaufen,available,5.99,26.99,high,low,7,namesilo,,,
461c2f31-abd1-460b-b621-58272fdcb93b,tomorrow.kaufen,available,5.99,26.99,high,medium,8,namesilo,,,
2a4166f1-1f1f-4edf-85a6-dcddcd019c9b,infrared.kaufen,available,5.99,26.99,high,low,9,namesilo,,,04/09/2026 07:52
77c418d7-db10-4780-89ac-f8b0b6323e9c,beginning.kaufen,available,5.99,26.99,high,low,9,namesilo,,,09/08/2026 09:06
d2e130cc-a937-4e4e-a413-8459873a796c,wrong.kaufen,available,5.99,26.99,high,low,5,namesilo,,,
3b235483-9a68-4a21-9e51-cfc335bd3da2,especially.kaufen,available,9.99,,high,low,10,name.com,,,
d7da4291-02e7-4695-b9e7-a40f2dcf47a8,irritation.kaufen,available,5.99,26.99,high,low,10,namesilo,,,
45ddedb8-6898-480f-ab6e-a165892dec10,barbed.kaufen,available,5.99,26.99,medium,low,6,namesilo,,,08/08/2026 16:36
456aa7c5-19fe-4f41-9eeb-bf048f0ff1ab,scummy.kaufen,available,5.99,26.99,medium,low,6,namesilo,,,
f9bf3d90-afdf-488c-8c7d-0107798c66bb,ccc.kaufen,available,5.99,26.99,high,medium,3,namesilo,,,
6d62cef2-3fcc-4c19-a25e-b25641e74f69,disk.kaufen,available,5.99,26.99,high,low,4,namesilo,,,
bc70b98c-24bc-4aba-8ddb-b9d8ee2c4117,turned.kaufen,available,5.99,26.99,high,low,6,namesilo,,,
049bb109-bf64-4b77-a075-ac4cd9bd1042,attempted.kaufen,available,5.99,26.99,high,low,9,namesilo,,,07/08/2026 15:12
4f99742b-8cf1-4ed0-867d-db15b32a939d,item.kaufen,available,5.99,26.99,high,low,4,namesilo,,,
059a5859-516b-405b-9daf-2782b5843a55,adobe.kaufen,available,,,high,low,5,,,,
d6f6a36d-04ff-46ec-9811-6ca7445ee66e,cadillac.kaufen,available,5.99,26.99,high,low,8,namesilo,,,
f631d898-a18d-49b8-bf36-cb7f0e317e9a,despite.kaufen,available,5.99,26.99,high,low,7,namesilo,,,
39f2ef28-6e91-42b5-9da5-af0d186b7e7f,bucolic.kaufen,available,5.99,26.99,high,low,7,namesilo,,,06/08/2026 14:14
8a1f5884-99da-4673-bc30-e610ec6ef909,apparent.kaufen,available,5.99,26.99,high,low,8,namesilo,,,06/08/2026 05:08
f83a4ff8-0229-4d0e-8b62-2a2cf7a62fad,trite.kaufen,available,5.99,26.99,medium,low,5,namesilo,,,08/08/2026 11:19
0c3a82ed-b6c5-4639-b912-0352fd0b41c9,painted.kaufen,available,5.99,26.99,high,low,7,namesilo,,,
281119f5-3b5c-4572-9dad-34ad9ddf0ab7,apple.kaufen,available,,,high,medium,5,,,,
24214229-1d9a-49a1-a07d-6b44b9b8fb67,determine.kaufen,available,5.99,26.99,high,low,9,namesilo,,,
4f7639a1-63e3-42e8-bc3f-31b955c685a5,altered.kaufen,available,5.99,26.99,high,low,7,namesilo,,,
0667b2e5-42bf-4219-bb2a-e558b97a8a9d,detecting.kaufen,available,5.99,26.99,high,low,9,namesilo,,,
335ee4fa-c733-4ec0-a526-e61fd64b7692,boozer.kaufen,available,5.99,26.99,medium,low,6,namesilo,,,
edda4675-e887-4290-a7da-fa990a7c6268,derive.kaufen,available,5.99,26.99,high,low,6,namesilo,,,
71015a24-da58-4fd1-8408-d1dd0fb7056a,contralto.kaufen,available,,,high,low,9,,,,
cfc08012-5c98-4870-9c5f-53c3f6a7c804,congrats.kaufen,available,5.99,26.99,high,low,8,namesilo,,,
56ac93e5-2067-4240-acb2-dc16bd03777f,sophisticated.kaufen,available,5.99,26.99,high,low,13,namesilo,,,
4d4e5785-f2ab-4feb-a105-f99adac9b6bf,jewellery.kaufen,available,5.99,26.99,high,low,9,namesilo,,,
c9ddd2ec-199d-4dfb-b37a-892decca387e,basis.kaufen,available,5.99,26.99,high,low,5,namesilo,,,
b9b18962-a132-4563-80b1-95a371efa63f,apnoeic.kaufen,available,5.99,26.99,medium,low,7,namesilo,,,06/08/2026 00:46
2670abd6-5186-4492-8f9e-21c40f08474d,balance.kaufen,available,5.99,26.99,high,low,7,namesilo,,,
b0f88ffb-8edf-49f8-87eb-e241a5aa103f,eighter.kaufen,available,5.99,26.99,medium,low,7,namesilo,,,
8632e5d2-a8fd-4b26-95af-9fd62fb96ee4,coat.kaufen,available,5.99,26.99,high,low,4,namesilo,,,
6c4dc219-9340-4ce3-a811-afe9c930e015,tracing.kaufen,available,5.99,26.99,high,low,7,namesilo,,,
855e9c00-8b57-4c27-94dd-ebbaaadea3ed,witty.kaufen,available,5.99,26.99,high,low,5,namesilo,,,
6a83a6ba-abbb-4fd2-816f-b787e52ddcca,pour.kaufen,available,5.99,26.99,high,low,4,namesilo,,,
7d49f3f8-00fe-4ba3-ba05-6664b9ee5868,makeover.kaufen,available,5.99,26.99,high,low,9,namesilo,,,
6a08b2c4-c299-4dac-ad98-0645744cd35c,whiten.kaufen,available,5.99,26.99,high,low,6,namesilo,,,
608d6cd4-d821-49af-b653-7b13fad70a56,bro.kaufen,available,5.99,26.99,high,low,3,namesilo,,,
5bca8c61-979c-46b5-86e4-4a6684a8ada0,ole.kaufen,available,5.99,26.99,high,low,3,namesilo,,,
5410cd77-25c1-424f-a05b-43b68e98b8d6,rheumatic.kaufen,available,5.99,26.99,medium,low,9,namesilo,,,06/08/2026 23:05
037e1002-7caa-4233-b8ac-4a6de4c09267,tks.kaufen,available,5.99,26.99,high,low,3,namesilo,,,
4c1bd7b8-c121-4e25-a23d-2103e6df261c,nude.kaufen,available,5.99,26.99,high,low,4,namesilo,,,07/08/2026 16:15
e5dfea81-9f1c-4983-9ad2-6e5f97c2a039,stuffy.kaufen,available,5.99,26.99,high,low,6,namesilo,,,
96537d7e-913f-4f32-beca-00cc502390b1,traveled.kaufen,available,5.99,26.99,high,low,8,namesilo,,,
5baccdba-45b7-4988-9eb3-f77ab53acb94,serve.kaufen,available,5.99,26.99,high,low,5,namesilo,,,
38738e23-325d-445a-ace0-58a352453977,view.kaufen,available,5.99,26.99,high,low,4,namesilo,,,
b97efae2-d346-4a6b-b7f6-3fd65fd982c3,environmental.kaufen,available,5.99,26.99,high,low,13,namesilo,,,
02cd6a3d-cb9a-4c87-af84-d335438944d0,decorous.kaufen,available,5.99,26.99,medium,low,8,namesilo,,,09/08/2026 06:21
3ec53795-2c14-47f5-a1ef-5b86d07c3a17,entranced.kaufen,available,5.99,26.99,medium,low,9,namesilo,,,09/08/2026 10:11
21e31e43-9c75-4d76-98ff-e1a589a49edb,lettuce.kaufen,available,9.99,,high,low,7,name.com,,,
57eaf2fe-039e-48a5-8265-7bb22f10bcb4,nates.kaufen,available,5.99,26.99,medium,low,5,namesilo,,,09/08/2026 10:31
7843c2d5-4171-421d-ac2d-47eba27b152c,ordinary.kaufen,available,5.99,26.99,high,low,8,namesilo,,,
c23741c6-82c8-4a85-974a-0c418350a0bc,lxxx.kaufen,available,9.99,43.99,medium,low,4,name.com,,,
f1869219-4e20-4781-ac6d-5287105d1c7e,anorexic.kaufen,available,5.99,26.99,medium,low,8,namesilo,,,
c12c96cd-298e-4552-8f4d-03432ad7c72e,apogean.kaufen,available,5.99,26.99,medium,low,7,namesilo,,,06/08/2026 01:57
4482e6b5-b3a1-4894-ae6e-98d36a8030ff,gram.kaufen,available,5.99,26.99,high,low,4,namesilo,,,
b94b55a0-ff89-4f56-a18c-a005906b3abd,received.kaufen,available,5.99,26.99,high,low,8,namesilo,,,
e1f02001-bc85-4845-8cfb-df569be25c4c,mill.kaufen,available,5.99,26.99,high,low,4,namesilo,,,
db182836-a63c-4de9-91a7-0d8c01587634,whilst.kaufen,available,5.99,26.99,medium,low,6,namesilo,,,
b22f9a0b-ef38-48a3-9f30-ad7b85216578,pentad.kaufen,available,5.99,26.99,medium,low,6,namesilo,,,
0f605fd6-f693-43c8-8a72-eaf4116eaacc,robed.kaufen,available,5.99,26.99,medium,low,5,namesilo,,,06/08/2026 05:03
cfa16e2a-1feb-4b3b-b3bf-34a8141e990f,barbecued.kaufen,available,5.99,26.99,high,low,9,namesilo,,,08/08/2026 16:25
eb5f2ffc-e786-4fdd-b1c5-ed52339c4355,billboard.kaufen,available,5.99,26.99,high,low,9,namesilo,,,
80192543-a165-419e-89b2-a96c90c639b0,goods.kaufen,available,9.99,,high,low,5,name.com,,,
9f713111-f161-403e-b43e-af725dec82e9,chirping.kaufen,available,5.99,26.99,high,low,8,namesilo,,,
42a89a7e-a988-417c-b457-e86ef47f2bc6,bahreini.kaufen,available,5.99,26.99,medium,low,8,namesilo,,,08/08/2026 08:41
fd94452f-4b0e-42e7-931a-e713e28241ec,anesthetic.kaufen,available,5.99,26.99,high,low,10,namesilo,,,
22765f41-ff1e-435b-9694-19408a12eaff,agape.kaufen,available,5.99,26.99,high,low,5,namesilo,,,
5ab54f27-177f-47b8-9392-38e8fdf450fe,eonian.kaufen,available,5.99,26.99,medium,low,6,namesilo,,,
dc4810e7-37f0-4bc4-b9f7-ef3a13d49368,bankable.kaufen,available,5.99,26.99,high,low,8,namesilo,,,08/08/2026 13:24
6fe710f7-dc5b-4099-ba01-cefe339a8c3c,jointly.kaufen,available,5.99,26.99,high,low,7,namesilo,,,
724590de-46ef-4ac4-bb0c-253f4f69d21c,addition.kaufen,available,5.99,26.99,high,low,8,namesilo,,,
d6950b66-b54e-44fe-8fe0-84ca0f7c758d,atomistic.kaufen,available,5.99,26.99,low,low,9,namesilo,,,07/08/2026 13:42
5b03839a-8911-4a58-90a1-0602e26e4fea,wholly.kaufen,available,5.99,26.99,high,low,6,namesilo,,,
5088e661-94f3-4e7d-ae82-0fd8feaac994,exec.kaufen,available,5.99,26.99,high,low,4,namesilo,,,
d7a55ea7-7c1a-4a36-82de-75932ed13022,coolly.kaufen,available,5.99,26.99,high,low,6,namesilo,,,
c167d26b-537d-4e20-83e4-517a702bd214,somesing.kaufen,available,9.99,,medium,low,8,name.com,,,
e9b768d6-25b1-4d35-b079-e50097927c06,troll.kaufen,available,5.99,26.99,high,low,5,namesilo,,,
f8a1e962-e0ff-4fa6-9820-36204d722450,strong.kaufen,available,5.99,26.99,high,low,6,namesilo,,,
205e6091-5c33-4a7d-ab29-26f94c34e1ae,banner.kaufen,available,5.99,26.99,high,low,6,namesilo,,,08/08/2026 13:53
21d1e1e2-38e4-442a-905e-1d0b4cdc853f,juice.kaufen,available,5.99,26.99,high,low,5,namesilo,,,
5b9eadba-4d8a-4cf2-bde0-860183e8ab9d,debt.kaufen,available,9.99,,high,low,4,name.com,,,
f7e9b0bd-dafb-44d3-9d73-9bc05ef92e31,argent.kaufen,available,9.99,43.99,medium,low,6,name.com,,,06/08/2026 17:51
7f3f7110-1c29-4007-a162-6c42fabed3d0,paste.kaufen,available,9.99,,high,low,5,name.com,,,
30fee5a6-6cee-4b95-90d3-f56d85259c9d,elsewhere.kaufen,available,9.99,,high,low,9,name.com,,,
a6e442f4-b13c-4af8-9cf6-c8832e579486,landing.kaufen,available,5.99,26.99,high,low,7,namesilo,,,
18a9b103-9a4f-4121-95c8-b36b78e60feb,bloodstream.kaufen,available,5.99,26.99,high,low,11,namesilo,,,
924e1670-f730-4d4d-99ff-bf9bf0573378,sensitive.kaufen,available,5.99,26.99,high,low,9,namesilo,,,
cc5dd5fc-f692-4553-b4a8-52d3f98e2db5,antiblack.kaufen,available,5.99,26.99,low,low,9,namesilo,,,
25f45d58-056f-439f-b9c6-e5b2032c6c92,roller.kaufen,premium,1000,,high,low,6,name.com,,,
bc684a85-961c-4422-9c47-26da0232464f,separation.kaufen,available,5.99,26.99,high,low,10,namesilo,,,
bba5fec8-87e3-4899-95b1-7ffabb279d22,importantly.kaufen,available,5.99,26.99,high,low,11,namesilo,,,
b3b2c3ce-9d35-40a4-8508-7523162a1471,assessable.kaufen,available,5.99,26.99,medium,low,10,namesilo,,,07/08/2026 06:04
5e3e4cbe-8ab4-481d-89a7-df40a9f4959a,romance.kaufen,available,9.99,,high,low,7,name.com,,,
7f4b3147-83a6-4f12-8e71-089c79d05363,pleasure.kaufen,available,5.99,26.99,high,low,8,namesilo,,,
097b7ad1-9598-4f8f-8ddd-8abefa62aa0a,yellowcake.kaufen,available,5.99,26.99,high,low,11,namesilo,,,
7ab22dfc-0647-428c-b88b-7bb39c018d45,antiracist.kaufen,available,5.99,26.99,high,low,11,namesilo,,,
329cd084-152a-40a2-9e3b-f3cec7251f88,minutes.kaufen,available,9.99,,high,low,7,name.com,,,
7836d4fd-a03c-4ba4-87b4-9ec03077e6df,incidence.kaufen,available,5.99,26.99,high,low,9,namesilo,,,
130700a0-35f2-4eb7-9411-86750aaf9502,glossary.kaufen,available,9.99,,high,low,8,name.com,,,
07ec835f-81b1-4857-a4c4-db8d0aa34596,inquisitive.kaufen,available,9.99,,high,low,11,name.com,,,
f091f3d4-d8a2-4abc-828f-63b3b4ebb66f,perhaps.kaufen,available,9.99,,high,low,7,name.com,,,
28b26ecd-6eb3-42d0-92a7-3c4d23279a93,snow.kaufen,available,5.99,26.99,high,low,4,namesilo,,,
d7eb1d79-48b2-4e41-a728-dfbb8826d5d9,making.kaufen,available,5.99,26.99,high,low,6,namesilo,,,
84b7a742-dab2-4b11-8db9-6618c77cd2e7,taylor.kaufen,available,9.99,,high,low,6,name.com,,,
38a7aa40-9dcd-4688-859a-c18069df60a4,boston.kaufen,premium,118.8,118.8,high,low,6,namesilo,,,
5c0f8916-eeea-4813-b69e-004961d3b867,taste.kaufen,available,9.99,,high,low,5,name.com,,,
623193a3-f192-40d4-9fee-a8514b401f24,worker.kaufen,available,5.99,26.99,high,low,6,namesilo,,,
b9338eb8-8b01-4ce3-b7da-5806b2874f74,dong.kaufen,available,9.99,,high,low,4,name.com,,,
144f67fd-a554-451a-9b89-ba3291e2fdf1,wedding.kaufen,available,5.99,26.99,high,low,7,namesilo,,,
221094d4-316d-41b3-a1cf-1a5b10c057df,maximum.kaufen,available,5.99,26.99,high,low,7,namesilo,,,
2f0940aa-fe63-4bdc-b078-f565a8b8d5ce,captivated.kaufen,available,5.99,26.99,medium,low,10,namesilo,,,09/08/2026 09:52
0d45c3ee-05e9-4091-a592-bfa8cd81589c,fifth.kaufen,available,5.99,26.99,high,low,5,namesilo,,,
62e8aeb0-cbb7-48cc-b50f-682b6bf05fc5,bae.kaufen,available,5.99,26.99,high,low,3,namesilo,,,
eb9e2e69-6db5-4393-b7e3-cd8e58251649,ego.kaufen,available,5.99,26.99,high,low,3,namesilo,,,
67138ff2-1fac-422b-b424-b84b994e6ae6,belong.kaufen,available,5.99,26.99,high,low,6,namesilo,,,
281f0bb8-74c7-45ab-8dde-3c935af310c6,unimportant.kaufen,available,5.99,26.99,medium,low,11,namesilo,,,
932a64b7-eb73-40a6-9304-c1df95f3a482,aboral.kaufen,available,5.99,26.99,medium,low,6,namesilo,,,
aa25870d-4d6a-4645-b70c-cdb7ae844dbf,five.kaufen,available,5.99,26.99,high,low,4,namesilo,,,
a1ce1346-89a7-45df-834c-d10d9cb02bac,comfortably.kaufen,available,5.99,26.99,high,low,11,namesilo,,,
dd89fea2-f620-40b7-9448-804a14c4224e,broached.kaufen,available,5.99,26.99,medium,low,8,namesilo,,,
bd422641-a69e-4c9a-818f-7b24c923322a,sliding.kaufen,available,5.99,26.99,high,low,7,namesilo,,,
e71d8f80-b70d-41bd-9ac8-7672c4e95133,under.kaufen,available,5.99,26.99,high,low,5,namesilo,,,
3e9fe8e9-d377-4c50-9c28-8a1b7cc0f88d,ben.kaufen,available,5.99,26.99,high,medium,3,namesilo,,,
8584f091-87b1-4c0e-8f84-6522cb5534f4,cleansing.kaufen,available,5.99,26.99,high,low,9,namesilo,,,
3b3ec31b-2560-4c46-9036-3b7b6d1eee73,absurd.kaufen,available,5.99,26.99,high,low,6,namesilo,,,
f847cb23-3bc4-4827-813c-d24dec8aad42,balletic.kaufen,available,5.99,26.99,high,low,8,namesilo,,,08/08/2026 10:26
d37d8bf6-9a5c-45f5-a401-17d291342ff4,estival.kaufen,available,5.99,26.99,medium,low,7,namesilo,,,
34a4e3dd-d452-43f2-bc1c-2d297e3e527a,impress.kaufen,available,5.99,26.99,high,low,7,namesilo,,,
f122ea64-afdf-4cd1-a0c8-0cb48a140efd,omnipotent.kaufen,available,5.99,26.99,high,low,10,namesilo,,,
f7ac2ccb-5eb8-4593-ab27-7d013804900f,passcode.kaufen,available,5.99,26.99,high,low,8,namesilo,,,
7a336676-ff84-407e-8c90-fd199eeab0cf,clicking.kaufen,available,5.99,26.99,high,low,8,namesilo,,,
db379416-2e7c-491b-93f3-c40b60ede5ee,teeth.kaufen,available,9.99,,high,low,5,name.com,,,
fcc3dda2-c9ed-4924-9ff1-53fc333b25fe,leg.kaufen,available,5.99,26.99,high,low,3,namesilo,,,
46166260-64c1-4f8b-97ed-b7b230ab0373,experimentally.kaufen,available,5.99,26.99,medium,low,14,namesilo,,,
963c545a-e6ab-4890-8d2f-cd343203ad36,absolutist.kaufen,available,5.99,26.99,high,low,10,namesilo,,,
345bcbfa-019b-439d-a3bb-78309cf9d600,metric.kaufen,available,5.99,26.99,high,low,6,namesilo,,,
c0ee38ac-ed63-4c1b-b364-245a36024a8b,xcl.kaufen,available,5.99,26.99,medium,low,3,namesilo,,,
63068b65-18e4-4598-a45f-c336aa86357c,intro.kaufen,available,5.99,26.99,high,low,5,namesilo,,,
882a89da-ca25-484a-a877-288c976a4b53,publicly.kaufen,available,9.99,,high,low,8,name.com,,,
08b80bf9-d063-4550-8add-5af2173c3595,fairs.kaufen,available,5.99,26.99,high,low,5,namesilo,,,
64b27e58-9ca8-4a78-a004-333f2675d589,fascinate.kaufen,available,5.99,26.99,high,low,9,namesilo,,,
966ebf89-032f-41b0-b5a6-4b41df11cba9,adrenal.kaufen,available,5.99,26.99,high,low,7,namesilo,,,
050f43c8-e7eb-4de6-b864-a8094ae1c3f1,ticking.kaufen,available,9.99,,high,low,7,name.com,,,
4f6e9e59-898b-4bbb-bd34-290720edcbce,cathartic.kaufen,available,5.99,26.99,high,low,9,namesilo,,,05/08/2026 22:20
5b6e5005-e406-4955-b1b9-c844fea43d76,precise.kaufen,available,5.99,26.99,high,low,7,namesilo,,,
050ae493-e7d7-4f3f-81d5-140ed3a9cb29,err.kaufen,available,5.99,26.99,high,low,3,namesilo,,,
e6f12fb6-2194-4434-83fc-98396ee165ad,mcdonald.kaufen,available,5.99,26.99,high,low,8,namesilo,,,
c3799899-1743-414d-bf9a-fd2d245bfacf,beaming.kaufen,available,5.99,26.99,high,low,7,namesilo,,,09/08/2026 04:03
80c5cd20-ab8c-4272-a656-b9b8b969ed05,convene.kaufen,available,5.99,26.99,high,low,7,namesilo,,,
3bc964bc-3d49-4d55-919a-df7a770da717,dawn.kaufen,available,5.99,26.99,high,low,4,namesilo,,,
9b344330-9984-422d-bb89-99f86ea1cea1,unnatural.kaufen,available,5.99,26.99,high,low,9,namesilo,,,
eb436be0-2d8e-47b1-86b8-6ee2a0bfa9b8,martha.kaufen,available,5.99,26.99,high,low,6,namesilo,,,
766b8395-32e4-4204-83e0-7c86be2c4ca3,yell.kaufen,available,5.99,26.99,high,low,4,namesilo,,,
ac1cb8e9-ba45-49de-849d-0556d520a2f4,provision.kaufen,available,5.99,26.99,high,low,9,namesilo,,,
77fd6113-3a92-491a-8d42-5b16e473b325,died.kaufen,available,5.99,26.99,low,low,4,namesilo,,,
c637a200-0975-41f1-a57d-b08f02fc5337,xlii.kaufen,available,5.99,26.99,high,low,4,namesilo,,,
592275ce-f835-4b3a-9953-09a8854a9633,similarly.kaufen,available,9.99,,medium,low,9,name.com,,,
0213bdc2-7f20-4cab-98b1-3e015135f6a8,pestering.kaufen,available,5.99,26.99,medium,low,9,namesilo,,,
31b9b00f-055d-45a6-81b1-05a73c169805,angle.kaufen,available,5.99,26.99,high,low,5,namesilo,,,
d19eff71-b6b0-4732-b708-d19395886d12,purpose.kaufen,available,5.99,26.99,high,low,7,namesilo,,,
46a0e479-5a11-4e49-8a3f-bc90598caf24,trine.kaufen,available,5.99,26.99,medium,low,5,namesilo,,,
4936c56e-3f4c-4b21-b7da-f018a00c89ba,aquatic.kaufen,available,5.99,26.99,high,low,7,namesilo,,,06/08/2026 10:45
ead056ff-ccda-4b92-b6e9-40cd1f613c8b,dishonour.kaufen,available,5.99,26.99,high,low,9,namesilo,,,
2b75634c-b04e-4a6f-80ed-fa868d44f2b2,anytime.kaufen,available,5.99,26.99,high,low,7,namesilo,,,
ae4adda0-826c-450d-8505-a50f0a3ff36b,profession.kaufen,available,5.99,26.99,high,low,10,namesilo,,,
f0693143-8533-494a-b068-7f55ba3c18b5,flickering.kaufen,available,5.99,26.99,high,low,10,namesilo,,,
e98334c1-a207-47a4-9232-860a7fffabee,acquirable.kaufen,available,5.99,26.99,high,low,10,namesilo,,,
e7204f17-fbf6-4c15-9d64-8979cb38f374,kinda.kaufen,available,9.99,,high,low,5,name.com,,,
b8e12329-ae63-4276-8049-2bbdea680770,ixc.kaufen,available,9.99,43.99,medium,low,3,name.com,,,
42bef731-a9bd-4734-8e49-8b222f5a8da9,clinic.kaufen,available,5.99,26.99,high,low,6,namesilo,,,
64c7610c-3b63-4e7d-bd71-7e4651aa61c2,subjective.kaufen,available,5.99,26.99,high,low,10,namesilo,,,
77689752-052d-4c5e-a7a7-892e273b2f73,ballroom.kaufen,available,5.99,26.99,high,low,8,namesilo,,,
ffcb5ab5-7a5c-422f-a76c-4c588cf090a2,district.kaufen,available,5.99,26.99,high,low,8,namesilo,,,
96467415-ee51-4a66-b37e-410eadd9a329,marco.kaufen,available,5.99,26.99,high,low,5,namesilo,,,
08bf27aa-134e-4f29-ba68-92b7f5a7512e,care.kaufen,available,5.99,26.99,high,low,4,namesilo,,,
be2ec12b-634e-4876-80ba-f55a0eed1449,aft.kaufen,available,5.99,26.99,high,low,3,namesilo,,,
6ae600ca-c423-4665-b7b6-d7b9f84236ab,feet.kaufen,available,5.99,26.99,high,low,4,namesilo,,,
0fe2759c-9053-434c-a74c-f50fdb5b428c,roman.kaufen,available,5.99,26.99,high,low,5,namesilo,,,
6ffec300-b97a-4243-9dfd-b52bc2a847e4,sort.kaufen,available,5.99,26.99,high,low,4,namesilo,,,
58846ec5-6401-4b71-9869-2bdbff4d5be9,invent.kaufen,available,5.99,26.99,high,low,6,namesilo,,,
e830599f-a144-4503-881b-f6348d0f0b4f,bean.kaufen,available,5.99,26.99,high,low,4,namesilo,,,
52e88d1c-d895-431c-bbb5-0ee6c6ef66bd,phase.kaufen,available,5.99,26.99,high,low,5,namesilo,,,
bebd41e4-348d-46ec-b336-cefeef6368e5,drone.kaufen,resell,9.99,,high,medium,5,Dynadot Inc,06/04/2026 11:38,06/04/2027 11:38,
b02687fc-061d-46d9-8024-ceed61e57508,preview.kaufen,available,5.99,26.99,high,low,7,namesilo,,,
4c04beeb-a4b9-4904-842a-b47f3f4adef6,amnesic.kaufen,available,5.99,26.99,medium,low,7,namesilo,,,
3599fb2c-f20c-419b-95d3-f4fe385f6611,flags.kaufen,available,5.99,26.99,high,low,5,namesilo,,,
d99276d6-df2e-4cc3-8549-b42fd77dffb2,lisbon.kaufen,available,5.99,26.99,high,low,6,namesilo,,,
7d941506-ea62-45cc-84fb-975e65b100f7,tennis.kaufen,available,5.99,26.99,high,low,6,namesilo,,,
9eddc400-2e56-4fbc-8cd7-ef4ff7d45ca5,beheaded.kaufen,available,5.99,26.99,medium,low,8,namesilo,,,09/08/2026 10:21
a1d02d64-7b8f-412e-b4ff-72b8e8d8d929,anabolic.kaufen,available,5.99,26.99,high,low,8,namesilo,,,
2dccfe56-cdf6-4ab3-ae2a-f86cc7d08247,variety.kaufen,available,5.99,26.99,high,low,7,namesilo,,,
77f319fc-6863-421e-8f7d-689fc9c9b833,quint.kaufen,available,5.99,26.99,high,low,5,namesilo,,,
57031657-52af-45ac-bad9-51759413b8fd,document.kaufen,available,5.99,26.99,high,low,8,namesilo,,,
55b3eed6-2ece-410f-a454-dcfeeb10c065,beaded.kaufen,available,5.99,26.99,medium,low,6,namesilo,,,09/08/2026 03:18
609fafe8-ed0e-46b1-8c92-1c1e155c4bca,pulled.kaufen,available,5.99,26.99,high,low,6,namesilo,,,
32b1589d-c0e9-4aed-ae69-a263903f01a6,wore.kaufen,available,5.99,26.99,medium,low,4,namesilo,,,
9e43bc64-a704-4b9e-8887-9e88fba18253,criticism.kaufen,available,9.99,,high,low,9,name.com,,,
71377460-7c28-4cf1-a477-f2c903179fa5,camping.kaufen,available,5.99,26.99,high,low,7,namesilo,,,
d81c96ec-bd2a-463b-b4ea-fd753de61e00,simply.kaufen,available,5.99,26.99,high,medium,6,namesilo,,,
0ccbf62a-6c3c-4791-8eae-cee40dc5e627,afrikaans.kaufen,available,5.99,26.99,high,low,9,namesilo,,,
33b062b8-87d8-4313-9280-d162597fe62e,transmit.kaufen,available,9.99,,high,low,8,name.com,,,
5055e35b-b446-4600-bb69-5284bb306983,introduce.kaufen,available,5.99,26.99,high,low,9,namesilo,,,
64787ca8-c9ed-44b8-b888-dc36c575cd6e,riyadh.kaufen,available,5.99,26.99,high,low,6,namesilo,,,
c18c3d33-acb1-49c0-aae1-37e49396a942,raunchy.kaufen,available,5.99,26.99,medium,low,7,namesilo,,,09/08/2026 09:41
3a3be5e3-d179-4dee-b4e5-9fb9417e1923,baltic.kaufen,available,5.99,26.99,high,low,6,namesilo,,,08/08/2026 10:41
ff6530e2-52b3-441d-9e9d-d6536fc5c197,pal.kaufen,available,5.99,26.99,high,low,3,namesilo,,,
3790ba47-e140-4f20-9b88-ecccdec4b970,adjective.kaufen,available,5.99,26.99,high,low,9,namesilo,,,
cdd21e4a-f5fb-4767-b3ca-8bbe0d892baa,disassemble.kaufen,available,5.99,26.99,high,low,11,namesilo,,,
0c00ff34-4379-48d8-b26c-7588fd494d28,hamburger.kaufen,available,5.99,26.99,high,low,9,namesilo,,,
1eb36dbe-7039-4119-ba40-7b0b3b3bef76,palliative.kaufen,available,5.99,26.99,high,low,10,namesilo,,,
17af4a2e-b807-4232-86b9-1ddc9ebcf4b7,xxvii.kaufen,available,5.99,26.99,medium,low,5,namesilo,,,
60854f58-0914-445f-aa8b-30f53d3eaaeb,doubt.kaufen,available,5.99,26.99,high,low,5,namesilo,,,
f312d3f5-382d-4af2-9b79-875043e6e5bb,adust.kaufen,available,5.99,26.99,medium,low,5,namesilo,,,
c028d67a-f08e-4c0b-a18d-206af5f55448,kidney.kaufen,available,5.99,26.99,high,low,6,namesilo,,,
9012e4a3-a6bf-42bb-a23b-0d8efc4af2ec,status.kaufen,available,5.99,26.99,high,medium,6,namesilo,,,
20b07735-a5e4-496d-8362-bc1970eae2d8,her.kaufen,available,5.99,26.99,high,low,3,namesilo,,,
fdcbfbee-0f55-4666-8502-956f77777b15,affect.kaufen,available,5.99,26.99,high,low,6,namesilo,,,
42180e2e-f7bc-4074-a7f7-e11a98720518,fourscore.kaufen,available,9.99,43.99,high,low,9,name.com,,,
e06d4e6a-8280-4ae3-b51d-4251aaebeb35,abortive.kaufen,available,5.99,26.99,high,low,8,namesilo,,,
89e9cd99-c8e2-490a-b2c3-c9dac1952ab5,thong.kaufen,available,5.99,26.99,high,low,5,namesilo,,,
752d2c30-5ba6-4e8d-bd16-7d1f09c71065,fame.kaufen,available,5.99,26.99,high,low,4,namesilo,,,
ed2910eb-a068-4d7f-94a3-ec971abbff83,accrued.kaufen,available,5.99,26.99,high,low,7,namesilo,,,
508b43cf-8eb1-4191-965f-3ad07e06b4b0,fate.kaufen,available,5.99,26.99,high,low,4,namesilo,,,
512ed3f4-e2b0-43f6-8f59-c4d86fe6602f,bunny.kaufen,available,5.99,26.99,high,low,5,namesilo,,,
12687bff-4347-4a25-bb77-4334c9e2af94,obey.kaufen,available,5.99,26.99,high,low,4,namesilo,,,
4a2c272f-4cff-4bb5-bf62-f3c61be3ae91,norfolk.kaufen,available,5.99,26.99,high,low,7,namesilo,,,
ae46207f-1621-4eeb-8653-e5bb063e7c2e,tylenol.kaufen,available,,,high,low,7,,,,
17961826-2609-47c5-a6f6-9d419ae8d584,values.kaufen,available,5.99,26.99,high,low,6,namesilo,,,
c0ef7a60-4f26-42cf-a90e-4bd659cbf9b6,bud.kaufen,available,5.99,26.99,high,low,3,namesilo,,,
8a14120e-1c76-4926-8ab7-0f18eebcaf4e,bolster.kaufen,available,5.99,26.99,high,low,7,namesilo,,,
cf9c1221-a332-4a1d-b6fb-3b71fe5a60fa,relish.kaufen,available,9.99,,high,low,6,name.com,,,
b5dd07ae-f5d3-4a91-82a8-4dd74f99bb94,ranking.kaufen,available,5.99,26.99,high,low,7,namesilo,,,
f1bc91aa-f5d7-476b-b485-7869fe8a4ab0,perceived.kaufen,available,5.99,26.99,high,low,9,namesilo,,,
8781da8b-68c8-49b0-96d5-53684606079b,uppercase.kaufen,available,5.99,26.99,high,low,9,namesilo,,,
09d12bd6-9c01-4726-b9af-4c3540501667,scientifically.kaufen,available,5.99,26.99,medium,low,14,namesilo,,,
a4a78c9e-3e07-4ab3-a504-2617d9d85bd3,abatic.kaufen,available,5.99,26.99,medium,low,6,namesilo,,,
8e135775-aee0-4c8d-978b-368ad8d52439,arachnoid.kaufen,available,5.99,26.99,medium,low,9,namesilo,,,06/08/2026 11:41
dc593d7d-c154-4cda-bfe3-9123ab515268,unbearable.kaufen,available,5.99,26.99,medium,low,10,namesilo,,,
258dd6fe-c3dd-4427-be35-a44ee7ff59b1,seventh.kaufen,available,5.99,26.99,high,low,7,namesilo,,,
51390334-442f-4d9c-90e3-b029fd518715,roots.kaufen,available,5.99,26.99,high,low,5,namesilo,,,
45ac083a-946c-4e31-979d-c698083b51da,blessing.kaufen,available,5.99,26.99,high,low,8,namesilo,,,06/08/2026 09:29
19eceea4-e3ad-4844-a7ae-d2f006dbaa0c,nana.kaufen,available,5.99,26.99,high,low,4,namesilo,,,
9974af9f-30ac-491c-9457-b3e625e14f96,profess.kaufen,available,5.99,26.99,high,low,7,namesilo,,,
0b88f472-a25f-43f1-bcd8-f110d65a2ee9,pyramid.kaufen,available,5.99,26.99,high,low,7,namesilo,,,08/09/2026 13:53
f60776a5-376a-4001-b6d2-a5a747f1a266,alkaloidal.kaufen,available,5.99,26.99,medium,low,10,namesilo,,,
12283e1b-ff3b-4c17-bf44-a1a6857ffa10,connection.kaufen,available,5.99,26.99,high,low,10,namesilo,,,
87499666-93c7-40be-9007-4620a6db35d9,rooms.kaufen,available,5.99,26.99,high,low,5,namesilo,,,
0d089aeb-75e5-43cb-85dc-a6171c8e0a23,hereditary.kaufen,available,5.99,26.99,high,low,10,namesilo,,,
163befd1-105a-4c38-94e1-ae960e1360a3,funds.kaufen,available,5.99,26.99,high,low,5,namesilo,,,
0cdb422d-78c8-4889-8665-e4e4aee2bbdc,necessarily.kaufen,available,5.99,26.99,high,low,11,namesilo,,,
1d76ebf4-13de-4bf6-ad44-9a9e9cd47ce1,marriage.kaufen,available,5.99,26.99,high,low,8,namesilo,,,
fb549df9-30ee-438c-bd8e-4071f10e6432,slanted.kaufen,available,5.99,26.99,medium,low,7,namesilo,,,07/08/2026 04:15
4672738f-669e-4e0e-9d67-a72b968249ef,beneath.kaufen,available,5.99,26.99,medium,low,7,namesilo,,,
b18f9ce1-f88a-4b5b-a969-2b6f7a4223db,microphone.kaufen,available,9.99,,high,low,10,name.com,,,
d8c3cf68-99f2-4ddc-a94d-181ecee354d7,metal.kaufen,available,5.99,26.99,high,low,5,namesilo,,,
8342e1e9-604f-4cd5-9036-813553b72415,torrid.kaufen,available,5.99,26.99,high,low,6,namesilo,,,06/08/2026 16:35
7ecbd6fb-2500-4c2a-887c-ea376fe08323,plush.kaufen,available,5.99,26.99,high,low,5,namesilo,,,
2b1306a8-2c2f-47b9-a3ce-e203a787f629,involve.kaufen,available,5.99,26.99,high,low,7,namesilo,,,
e56acc78-e1b8-4aa0-be47-e10ace4c6aac,abkhaz.kaufen,available,5.99,26.99,high,low,6,namesilo,,,
20eab58a-8b9b-4469-9611-6ecbacdbd39b,basics.kaufen,available,5.99,26.99,high,low,6,namesilo,,,
767838dd-624d-4909-a61a-563d91337880,enthralled.kaufen,available,5.99,26.99,medium,low,10,namesilo,,,09/08/2026 10:06
ea1956e3-8ace-4da1-b814-1ff247d5ab19,canadas.kaufen,available,9.99,,medium,low,7,name.com,,,
c8528d52-c842-41f7-9aa1-85ea668ef4f6,acidic.kaufen,available,5.99,26.99,high,low,6,namesilo,,,
80a94a0e-c8b3-41dd-9a8a-933094c57f6e,wondered.kaufen,available,5.99,26.99,high,low,8,namesilo,,,
1ddcfd81-f8d0-4db7-b874-c2e01857d594,nicky.kaufen,available,5.99,26.99,high,low,5,namesilo,,,
3afb6d8a-f190-462b-8fe9-e702929f784f,animal.kaufen,available,5.99,26.99,high,low,6,namesilo,,,08/09/2026 11:39
35fbb68d-2a5a-4db0-bc47-4ad9f14b03ac,piston.kaufen,available,5.99,26.99,high,low,6,namesilo,,,
28c86f4c-b573-4734-8705-dc9055e01fc5,flak.kaufen,available,5.99,26.99,medium,low,4,namesilo,,,
6b8b7d88-231e-4313-8764-348c425d79ef,ideally.kaufen,available,9.99,,high,low,7,name.com,,,
8c9c4b9a-6bca-428c-8899-637f300df44f,kiss.kaufen,available,5.99,26.99,high,low,4,namesilo,,,
755d57c2-8e1f-43e5-a188-f5b6f79b1a76,adidas.kaufen,available,5.99,26.99,high,low,6,namesilo,,,
9a82a34c-da64-4e34-83da-d19e494f0ce0,previously.kaufen,available,5.99,26.99,high,low,10,namesilo,,,
5631f4f2-1097-4198-9d25-87608d09a053,doubter.kaufen,available,9.99,43.99,medium,low,7,name.com,,,
89b0ad0c-8d64-4f5e-88e9-88d47636a1ae,whichever.kaufen,available,5.99,26.99,medium,low,9,namesilo,,,
c809e391-69e8-4933-b6a7-8b4e4066491b,antitrust.kaufen,available,5.99,26.99,high,low,9,namesilo,,,
5fc5d7f6-fee6-41f0-b9e8-c62994d946bd,superbly.kaufen,available,5.99,26.99,high,low,8,namesilo,,,
c5703489-f9b2-4dbf-bdb7-559326eb6bae,running.kaufen,available,5.99,26.99,high,low,7,namesilo,,,
3eb73893-6547-4349-8603-2f325468e23d,capone.kaufen,available,5.99,26.99,medium,low,6,namesilo,,,
35685a07-3501-4041-afcf-dc5dc60c15be,duke.kaufen,available,5.99,26.99,high,low,4,namesilo,,,
4e949fb5-36a7-498d-86e9-2a5c1ad5e8e0,pinch.kaufen,available,5.99,26.99,high,low,5,namesilo,,,
039a42f2-1471-45a1-804e-d2aba6f6fa5f,simpson.kaufen,available,5.99,26.99,high,low,7,namesilo,,,
61b70eff-e59f-4f6d-a174-534be7e4635b,clickbait.kaufen,available,5.99,26.99,medium,low,9,namesilo,,,
f35c24c3-8e90-4e85-9cd3-e37c57972929,yes.kaufen,available,5.99,26.99,high,medium,3,namesilo,,,
b4e700b6-20f6-4355-8bb2-16276ef38848,wig.kaufen,available,5.99,26.99,high,low,3,namesilo,,,
2c4ed8e8-9b88-4ef6-b7af-4dbf19439b32,francisca.kaufen,available,9.99,,high,low,9,name.com,,,
4e228abf-7b66-4005-8b7a-bf1fff28c73c,kick.kaufen,available,,,high,low,4,,,,
8a26db27-30bb-4265-99ca-c788989163b4,pope.kaufen,available,5.99,26.99,high,low,4,namesilo,,,
db4fba95-9884-4659-b82b-693b6c376ee7,alated.kaufen,available,5.99,26.99,medium,low,6,namesilo,,,
b8c37f70-1604-448a-813d-40e55035a60d,eliza.kaufen,available,5.99,26.99,high,low,5,namesilo,,,
7757f88b-8520-4f28-ba33-a5c7ac874cd5,tourist.kaufen,available,5.99,26.99,high,low,7,namesilo,,,
1625db24-d8cc-4453-b241-3b5a59103ebb,gail.kaufen,available,5.99,26.99,high,low,4,namesilo,,,
6da3cadc-4ea1-43d4-a0c1-8361e6562151,jay.kaufen,available,5.99,26.99,high,low,3,namesilo,,,
60f5a52f-9748-48e2-bbca-220e84fd639e,aurorean.kaufen,available,5.99,26.99,medium,low,8,namesilo,,,07/08/2026 18:12
168748a0-cc7d-4e33-aec9-66131b629dc2,whale.kaufen,available,5.99,26.99,high,low,5,namesilo,,,
ab3a76f2-c98b-4989-8c58-71238f4c2bf6,either.kaufen,available,9.99,,medium,low,6,name.com,,,
bd245fa6-f5e6-4d84-a94b-2f544b0601b8,uncle.kaufen,available,5.99,26.99,high,low,5,namesilo,,,
41520fea-0bae-44d8-946a-df32873304cb,threescore.kaufen,available,5.99,26.99,medium,low,10,namesilo,,,
0cdfbbdf-4737-40ca-a840-ddd311aa18f2,accusative.kaufen,available,5.99,26.99,high,low,10,namesilo,,,
c357d661-352f-4784-a02e-9e6e552faf44,rump.kaufen,available,5.99,26.99,medium,low,4,namesilo,,,09/08/2026 11:28
40758f92-a2ba-48fe-b1fc-48d981c558f2,sign.kaufen,available,5.99,26.99,high,low,4,namesilo,,,
394ab390-d7ac-44a3-a770-92d17c365dc6,sue.kaufen,available,5.99,26.99,high,low,3,namesilo,,,
967448d1-562b-4ba9-8421-135947c31309,called.kaufen,available,5.99,26.99,high,low,6,namesilo,,,
f1b8ee78-06ab-4796-a3e5-c72a9043709d,spray.kaufen,available,5.99,26.99,high,low,5,namesilo,,,
358cb5c9-fe28-412b-be00-482facf7d49a,happening.kaufen,available,5.99,26.99,high,low,9,namesilo,,,
6cb5f253-5ace-40c6-8485-f6a865b602aa,detailing.kaufen,available,5.99,26.99,high,low,9,namesilo,,,
46aa51d6-d786-4096-897e-47b2572f1989,trophy.kaufen,available,5.99,26.99,high,low,6,namesilo,,,
8d2a3f69-85b0-487b-869f-e8427797d7d5,maledict.kaufen,available,5.99,26.99,low,low,8,namesilo,,,
faa2fd9b-64ba-4bf3-b2f2-1180904a8e77,atp.kaufen,available,5.99,26.99,high,low,3,namesilo,,,
b0b8175f-f88b-4368-a86b-3a4c650b7a8f,poolside.kaufen,available,5.99,26.99,high,low,8,namesilo,,,
1cdfe917-a75b-489c-aafa-17a19321e7d2,drift.kaufen,available,5.99,26.99,high,low,5,namesilo,,,
a88d543f-2065-47e1-a32b-81745fa61e35,cameraman.kaufen,available,5.99,26.99,high,low,9,namesilo,,,
03987e86-f221-4d1d-9178-8eea2055af19,farmstand.kaufen,available,5.99,26.99,high,low,10,namesilo,,,
4aa88ed8-d872-4cf3-a8aa-fc4626879e01,australia.kaufen,available,,,high,low,9,,,,
0e3515f4-a90c-4597-9af6-c9865fffa034,cognizant.kaufen,available,5.99,26.99,high,low,9,namesilo,,,08/08/2026 00:13
2f2f5d16-8a94-4dea-8626-c69a1ffe6c2c,spiny.kaufen,available,9.99,43.99,medium,low,5,name.com,,,08/08/2026 17:49
50088cfe-a60d-472c-b381-cfc8ff3a0cb1,operated.kaufen,available,5.99,26.99,high,low,8,namesilo,,,
8dbaf69f-c4b5-43f0-884c-929afc9502dc,broccoli.kaufen,available,9.99,,high,low,8,name.com,,,
29d3a014-7760-4608-8c9a-5e7fbcc311fc,pail.kaufen,available,5.99,26.99,high,low,4,namesilo,,,
e62b61d3-d66a-45ad-9bb7-d6c4465ecaa5,cuba.kaufen,available,,,high,low,4,,,,
a3a99000-9de5-4ba0-bf77-eab76f7b4ed7,bayer.kaufen,available,,,high,low,5,,,,
c94e4a82-0c60-45ac-81a2-3121da475ada,size.kaufen,available,5.99,26.99,high,low,4,namesilo,,,
f87fc8a8-f3dd-4446-a205-baff8212f147,rudderless.kaufen,available,5.99,26.99,medium,low,10,namesilo,,,
8f90d9e1-7136-426d-91a7-7f1da4dc7a14,germicide.kaufen,available,5.99,26.99,high,low,9,namesilo,,,
5bbc820c-4db7-4f4d-ad47-b4da9ec52abd,mouthwash.kaufen,available,9.99,,high,low,10,name.com,,,
44c27fa1-3791-45f8-af2f-718d3389e9cf,boots.kaufen,available,5.99,26.99,high,low,5,namesilo,,,
ebaff2b1-27ae-4170-b127-ce0e1c7da1d4,powered.kaufen,available,5.99,26.99,high,low,7,namesilo,,,
4ef6f647-308c-47c7-b3fb-225eae677edc,almighty.kaufen,available,5.99,26.99,high,low,8,namesilo,,,
585baa29-4041-4145-a1e8-ce77381bf2fd,alsatian.kaufen,available,5.99,26.99,high,low,8,namesilo,,,
d8ad8bd5-4c63-45ff-9cd4-eb9abe14c15d,context.kaufen,available,5.99,26.99,high,medium,7,namesilo,,,
dbcf161b-4f6d-4a48-852c-e3ebce345a1e,workfare.kaufen,available,5.99,26.99,high,low,8,namesilo,,,
ecb65598-dafa-499f-854c-8667614b1234,natural.kaufen,available,5.99,26.99,high,low,7,namesilo,,,08/09/2026 12:12
1a7ff15f-11eb-41fe-9e37-dd96330080ca,etch.kaufen,available,5.99,26.99,high,low,4,namesilo,,,
e2a309de-bcd9-4326-973e-b98d3246e4f5,sensational.kaufen,available,5.99,26.99,high,low,11,namesilo,,,
113a4f95-5e72-4d98-8463-8df995c9ac49,sympathy.kaufen,available,5.99,26.99,high,low,8,namesilo,,,
7154c28b-ed55-4d91-8520-7e17bfd2f94e,leasing.kaufen,available,5.99,26.99,high,low,7,namesilo,,,
2485037a-d3d3-4d88-94a7-9f82ea55c6a0,pleasing.kaufen,available,5.99,26.99,high,low,8,namesilo,,,
cab5ca3a-0445-4d0b-9af0-1666ee6342d3,summit.kaufen,available,5.99,26.99,high,medium,6,namesilo,,,
e8bcc2e1-942f-46cd-88b2-4b608c14476b,commend.kaufen,available,5.99,26.99,high,low,7,namesilo,,,
dd1d0ede-02ab-425f-8188-0b88dae2142b,mac.kaufen,available,,,high,low,3,,,,
c87d2786-d440-4348-93d4-6cb290190a94,indeed.kaufen,available,,,high,low,6,,,,
0c846a62-4e22-40b2-9518-007723d9b2a6,bats.kaufen,available,5.99,26.99,high,low,4,namesilo,,,06/08/2026 20:31
8717f987-0f02-4347-b323-2c2ff53b8a63,measles.kaufen,available,9.99,,high,low,7,name.com,,,
8544c491-0fe8-42d2-8ce3-749a7939aeb5,lovesome.kaufen,available,5.99,26.99,high,low,8,namesilo,,,
00c0a48d-c8f0-4f67-8a71-88e1474ef8a2,tend.kaufen,available,5.99,26.99,high,low,4,namesilo,,,
df8e620c-5128-4555-a2c9-192b646d054c,qualitative.kaufen,available,5.99,26.99,high,low,11,namesilo,,,
f96c2a38-cc36-423c-a763-2ce922b78f26,fruit.kaufen,available,5.99,26.99,high,low,5,namesilo,,,
3238c404-847a-45c4-9b1f-2875824fcb05,backhand.kaufen,available,5.99,26.99,high,low,8,namesilo,,,08/08/2026 05:43
dd35122e-baf2-49b6-bde7-4cb25958f6f4,graspable.kaufen,available,5.99,26.99,medium,low,9,namesilo,,,06/08/2026 08:18
a8a659f1-ca73-4f80-912c-283e43ab2ae6,androgenic.kaufen,available,5.99,26.99,medium,low,10,namesilo,,,
cc1d51d3-6d1d-4795-a709-79d4ca5f7e89,revolved.kaufen,available,9.99,,high,low,8,name.com,,,
95b65cd6-ea96-4835-ae8d-1f71a21d6800,outdated.kaufen,available,5.99,26.99,high,low,8,namesilo,,,
fcbeea11-f14a-464f-a03c-55f6e1f9ecdb,relapse.kaufen,available,9.99,,high,low,7,name.com,,,
116f738b-06ab-423e-bdf1-049a2c7a2c94,rewarding.kaufen,available,9.99,,high,low,9,name.com,,,
205b364d-0694-4895-bc8a-d0b66ae05be2,corridor.kaufen,available,5.99,26.99,high,low,8,namesilo,,,
48d01317-021b-46ec-97a9-dc7e4faf1b3c,azonal.kaufen,available,5.99,26.99,medium,low,6,namesilo,,,08/08/2026 02:27
be8b88ca-82da-4467-b497-8ee78725c383,analogical.kaufen,available,5.99,26.99,medium,low,10,namesilo,,,
7b0d3164-3901-431e-9684-dcaeda657eb7,apish.kaufen,available,5.99,26.99,medium,low,5,namesilo,,,06/08/2026 00:12
66a99c62-be4d-4839-a3fe-3dd681f0ebcb,overwhelm.kaufen,available,5.99,26.99,high,low,9,namesilo,,,
482f112f-ae2d-4553-bb8a-68503e64c5f9,sausage.kaufen,available,5.99,26.99,high,low,7,namesilo,,,
3ae1b885-4222-455b-9962-502285523959,bolt.kaufen,available,5.99,26.99,high,medium,4,namesilo,,,
ae3f3044-caf2-4067-a768-f7a589e7209c,lowbrow.kaufen,available,5.99,26.99,medium,low,7,namesilo,,,
9a0c9e7b-3361-4ae5-a680-2cd6cade1d90,headline.kaufen,available,5.99,26.99,high,low,8,namesilo,,,
402753df-9403-4391-a946-066736f65d4e,arab.kaufen,available,5.99,26.99,high,low,4,namesilo,,,06/08/2026 11:10
dac1e1a8-3f66-4eb3-97d9-f17f5b83701b,perpetual.kaufen,available,5.99,26.99,high,low,9,namesilo,,,
29d69b0a-5239-4151-8a15-f21cdb721949,briary.kaufen,available,5.99,26.99,medium,low,6,namesilo,,,08/08/2026 17:02
14e7c7c8-0cf6-456a-9013-562ac627df8c,voiceless.kaufen,available,5.99,26.99,medium,low,9,namesilo,,,05/08/2026 23:23
563e2b32-9b3d-431c-aaf3-5388f9e1fe07,arena.kaufen,available,5.99,26.99,high,medium,5,namesilo,,,
36f3fb99-822c-43bf-be01-7723091a4360,integrated.kaufen,available,5.99,26.99,high,low,10,namesilo,,,
770b2f2f-848a-4482-b9bd-fad1d2c5afc0,zen.kaufen,available,5.99,26.99,high,medium,3,namesilo,,,
29bb6e33-719e-4073-9bbf-adecb87c3b57,confetti.kaufen,available,5.99,26.99,high,low,8,namesilo,,,
d17447ff-418b-47cf-8f90-13382392d584,apology.kaufen,available,9.99,,high,low,7,name.com,,,
3ebbdd05-e61c-4533-8333-3f0e868203ea,awe.kaufen,available,5.99,26.99,high,low,3,namesilo,,,
5f5a0f4b-8dc6-40cd-bb18-c591bea93478,pleased.kaufen,available,5.99,26.99,high,low,7,namesilo,,,
2f612ad3-e0da-49e1-a87a-01e86754cce3,dorsum.kaufen,available,5.99,26.99,high,low,6,namesilo,,,08/08/2026 05:12
90c671be-817f-4c91-a371-1cf4ff881316,diverting.kaufen,available,5.99,26.99,medium,low,9,namesilo,,,
c987cd3a-8806-4301-8ed3-fe94bb52fbc5,ane.kaufen,available,5.99,26.99,high,low,3,namesilo,,,
97e310a6-3f9a-4b0e-9ba7-87e6f6904500,untypical.kaufen,available,5.99,26.99,medium,low,9,namesilo,,,07/08/2026 16:10
695a8d54-f79c-4ea2-8ffd-0a4e3b8cb9f8,fall.kaufen,available,5.99,26.99,high,low,4,namesilo,,,
9c06a54d-4ef9-4881-afdf-35f63ee5273d,upstart.kaufen,available,5.99,26.99,high,low,7,namesilo,,,
e603a71d-cd35-4546-b0a3-eaff62296196,else.kaufen,available,5.99,26.99,high,low,4,namesilo,,,
6c43da0d-f268-42d6-ba6c-c3ff59cf3635,disease.kaufen,available,5.99,26.99,high,low,7,namesilo,,,
5edfb554-a2bc-411a-8c11-16ed2f17cc2c,pipe.kaufen,available,5.99,26.99,high,low,4,namesilo,,,
971ea446-d392-4404-b334-785acba3377d,annelidan.kaufen,available,5.99,26.99,medium,low,9,namesilo,,,
6adcc1ab-4954-490d-b865-040c22b295d7,quatern.kaufen,available,5.99,26.99,medium,low,7,namesilo,,,
ca46aab4-311c-4fc1-827d-2b2ccb3cdbc8,nearer.kaufen,available,5.99,26.99,medium,low,6,namesilo,,,
9de47aa7-a97e-4cb6-a83d-0e8a1a7a0139,chew.kaufen,available,5.99,26.99,high,low,4,namesilo,,,
7b7334c1-6359-4a50-b023-6ca16b74124d,amok.kaufen,available,5.99,26.99,high,low,4,namesilo,,,
99625d4d-5697-41d0-98d4-a419f4c167d0,regret.kaufen,available,5.99,26.99,high,low,6,namesilo,,,
7f8827c9-bc69-4cfc-bc67-66610117adb4,lay.kaufen,available,5.99,26.99,high,low,3,namesilo,,,
68a92be9-dcdc-4273-b514-8544d7ce91a7,corking.kaufen,available,5.99,26.99,high,low,7,namesilo,,,08/08/2026 12:20
5e783334-3c6b-4eb4-9e15-26473fa3ca90,candidate.kaufen,available,5.99,26.99,high,low,9,namesilo,,,
5943ca7e-6b85-4a0f-8fac-2d2de11e05de,hum.kaufen,available,5.99,26.99,high,low,3,namesilo,,,
aa7ad634-babf-44fe-a7c0-c7ed13c1ef45,these.kaufen,available,5.99,26.99,medium,low,5,namesilo,,,
857ce32e-b04a-46c7-8527-1b613f7d95da,conflicted.kaufen,available,5.99,26.99,medium,low,10,namesilo,,,
05cdd72c-dc4b-4b7b-84cd-2e674db71552,fulgid.kaufen,available,5.99,26.99,medium,low,6,namesilo,,,
107a51e3-ce69-45af-990a-0712dc5dcee6,plaguey.kaufen,available,5.99,26.99,medium,low,7,namesilo,,,
4dc98de5-e666-4189-84c6-95e1866534d0,abject.kaufen,available,5.99,26.99,high,low,6,namesilo,,,
86efa34a-f552-4c3b-8c95-c2250f5ad264,alabaster.kaufen,available,5.99,26.99,high,low,9,namesilo,,,
69f49acd-7ac7-48fc-a3a3-ed5ca311debb,roll.kaufen,available,9.99,,high,low,4,name.com,,,
9657cf6e-1a76-467c-a329-2d73f42c1513,plier.kaufen,available,5.99,26.99,high,low,5,namesilo,,,
80578e68-924a-461e-a74c-a7014d8fc08a,grape.kaufen,available,9.99,,high,low,5,name.com,,,
0f4409fc-f4ef-4fa1-91f3-1bb649e8c704,popular.kaufen,available,5.99,26.99,high,low,7,namesilo,,,
e5c96bf5-910b-4b37-bba7-7e418b030051,attic.kaufen,available,5.99,26.99,high,low,5,namesilo,,,07/08/2026 15:46
23e88cbc-3bbb-4b11-9bc4-24ab50e80689,prepare.kaufen,available,5.99,26.99,high,low,7,namesilo,,,
d0375f53-8611-44c4-9ab4-81fb98abbc42,evaporate.kaufen,available,5.99,26.99,high,low,9,namesilo,,,
a9fb47f8-3eda-4b8c-959b-ebf2418ac06f,abdominous.kaufen,available,5.99,26.99,medium,low,10,namesilo,,,
40724545-dcfc-4415-b793-a7ede2902985,accusing.kaufen,available,5.99,26.99,high,low,8,namesilo,,,
54eae258-c64c-4f87-87a2-5e9b06ba38a0,restless.kaufen,available,9.99,,high,low,8,name.com,,,
c6ecc1ec-452c-4803-85a3-bf5572039789,francesca.kaufen,available,9.99,,high,low,9,name.com,,,
469ffb50-6844-4d12-9eb6-2da82e8a618d,laughter.kaufen,available,5.99,26.99,high,low,8,namesilo,,,
63248a86-6cd8-4e1a-82fe-5f2aab0e17dd,poorly.kaufen,available,5.99,26.99,medium,low,6,namesilo,,,
52a10de7-1e7c-434f-8792-7f2ae47e43ee,thrift.kaufen,available,5.99,26.99,high,low,6,namesilo,,,
51c57aca-d114-4163-9e1f-13964d809f67,ink.kaufen,available,,,high,low,3,,,,
4aa2c4c7-4298-4f93-a1cc-a17eab15ecac,possession.kaufen,available,9.99,,high,low,10,name.com,,,
dd762402-aab5-4902-88b3-5ab46c2113c0,piano.kaufen,resell,,,high,low,5,"NameCheap, Inc.",27/08/2014 20:09,27/08/2027 20:09,22/09/2026 18:20
061a8ade-fe4e-4892-96da-8e2a5bc36a63,bogus.kaufen,available,5.99,26.99,medium,low,5,namesilo,,,08/08/2026 22:58
75fa9c34-e7f0-40af-9008-a996744d2b9a,attitude.kaufen,available,5.99,26.99,high,low,8,namesilo,,,
6a087911-7f9d-4d45-8257-bd995d3235b8,taal.kaufen,available,5.99,26.99,medium,low,4,namesilo,,,
1f475eb9-783a-4365-ada6-2c48c3f94ab1,yet.kaufen,available,5.99,26.99,high,low,3,namesilo,,,
37a62173-6c55-4acc-b0f5-99afbaf1d1a3,intensive.kaufen,available,5.99,26.99,high,low,9,namesilo,,,
66c5c20a-7fa7-4b9a-88a9-0faaa88ba605,wire.kaufen,available,5.99,26.99,high,low,4,namesilo,,,
7596f754-9b9b-41f5-8f6f-af933dbd9a0b,alias.kaufen,available,5.99,26.99,high,low,5,namesilo,,,
5d35f42b-d80e-49a4-a2b8-18162ee9ab3c,chime.kaufen,available,5.99,26.99,high,low,5,namesilo,,,
e6616750-8070-42ac-b6cc-48e83ee9e9ed,shoes.kaufen,available,5.99,26.99,high,low,5,namesilo,,,
f5618bf9-5543-4d72-a74b-e492c2e71e9a,presently.kaufen,available,5.99,26.99,high,low,9,namesilo,,,
cc1a8806-28fa-412d-ab08-19287320c14f,anatomic.kaufen,available,5.99,26.99,medium,low,8,namesilo,,,
fecf8684-7ef3-4e51-8e8d-bf96f063ea64,advertisement.kaufen,available,5.99,26.99,high,low,13,namesilo,,,
b4bf0274-841a-48f8-abbc-679ff4886011,tertiary.kaufen,available,5.99,26.99,medium,low,8,namesilo,,,
67a258b6-aeea-492f-9bd6-b03106807833,journey.kaufen,available,5.99,26.99,high,low,7,namesilo,,,
59636342-4f5c-415c-acc1-1c1f5c28cd50,lxxxv.kaufen,available,9.99,43.99,medium,low,5,name.com,,,
2e0fe0d6-99d8-4440-966a-b703acbedafe,spurious.kaufen,available,5.99,26.99,medium,low,8,namesilo,,,09/08/2026 00:03
1fd2f9d6-eff6-4232-9aa3-ff8a721a538e,therefore.kaufen,available,9.99,,high,low,9,name.com,,,
8e01c108-fd94-46d4-9962-5d92bcda55bf,commix.kaufen,available,5.99,26.99,medium,low,6,namesilo,,,
8bc73dfd-b808-4e08-a336-3a2466b0c407,lxvii.kaufen,available,5.99,26.99,medium,low,5,namesilo,,,
46bd2a7d-6477-43c4-90f6-1d205e4a14fc,xlv.kaufen,available,5.99,26.99,high,low,3,namesilo,,,
57080082-a5e6-4485-a7e0-585b1e061cfa,operose.kaufen,available,5.99,26.99,medium,low,7,namesilo,,,06/08/2026 17:05
c0b2857c-742f-4f6f-82db-cb17ed420a88,sub.kaufen,available,5.99,26.99,high,low,3,namesilo,,,
40f03b15-d5c0-494b-94e8-69ea07d0cb07,animist.kaufen,available,5.99,26.99,high,low,7,namesilo,,,
31eda724-1a1a-440a-8f87-76cfa71f2c2c,fla.kaufen,available,5.99,26.99,high,low,3,namesilo,,,
228fbeac-db34-4093-b832-b025a73979a4,participant.kaufen,available,5.99,26.99,high,low,11,namesilo,,,
71c63f55-4658-4f3e-9834-f3c1ae198775,divide.kaufen,available,5.99,26.99,high,low,6,namesilo,,,
0b634848-d580-4325-aeeb-c3d6ff0a9bfb,precipitous.kaufen,available,5.99,26.99,medium,low,11,namesilo,,,
c5d572d3-86d5-4f7e-8e6d-b2e025bacf11,ive.kaufen,available,5.99,26.99,high,low,3,namesilo,,,
2950ac5e-388f-43fc-bcc1-5d1998766986,fruity.kaufen,available,9.99,43.99,high,low,6,name.com,,,06/08/2026 21:00
0c886e62-5a84-4f67-9226-9dc9fe8771bc,england.kaufen,available,5.99,26.99,high,low,7,namesilo,,,
b7431999-b8ab-4fbd-895a-602e3f135052,thing.kaufen,available,5.99,26.99,high,low,5,namesilo,,,
f8540bc4-aaa4-44c6-a45c-11523d5d9f47,quartet.kaufen,available,5.99,26.99,high,low,7,namesilo,,,
e5d3ccfc-3f0d-43c1-9b35-c8deed54d4cc,anarchic.kaufen,available,5.99,26.99,medium,low,8,namesilo,,,
793ec39b-2bbf-427a-a149-5399209f9f44,customer.kaufen,available,9.99,,high,low,8,name.com,,,
ae2c1434-076c-4edf-913d-b70e4846d07e,miffed.kaufen,available,5.99,26.99,medium,low,6,namesilo,,,
6f57880a-5209-4819-9998-867f1054774b,smoke.kaufen,available,5.99,26.99,high,low,5,namesilo,,,
581e8ccf-5775-422e-b330-fa9b96c0c9b9,prone.kaufen,available,5.99,26.99,high,low,5,namesilo,,,
6f91c0b1-1fed-4dc3-8e76-096dafda51f9,proficiency.kaufen,available,5.99,26.99,high,low,11,namesilo,,,
1276dd4a-04c1-4d47-ad05-400b0f4b2be9,barefooted.kaufen,available,9.99,43.99,medium,low,10,name.com,,,08/08/2026 18:59
98f46f58-0e1e-4202-8299-c20e6f568996,granola.kaufen,available,9.99,,high,low,7,name.com,,,
15ecd551-9019-48f5-a365-9b47ad61c546,shoe.kaufen,available,9.99,,high,low,4,name.com,,,
99926ac0-81d4-4be5-b418-ec6af4f5a2f3,invariably.kaufen,available,5.99,26.99,high,low,10,namesilo,,,
dbef05d5-05f9-4310-965b-c51ade38c3fb,heat.kaufen,available,5.99,26.99,high,low,4,namesilo,,,
7c3f3289-4acd-4646-a9a9-ab8dd9731cff,thread.kaufen,available,9.99,,high,low,6,name.com,,,
494e7797-85eb-40de-bdee-30eecfe00e82,granddaughter.kaufen,available,5.99,26.99,high,low,13,namesilo,,,
bd35c906-29a8-4ed7-8d1a-3bd4586e5b61,grin.kaufen,available,5.99,26.99,high,low,4,namesilo,,,
122d2168-d4ad-433c-bc93-5c5ccb6c24c8,bargain.kaufen,available,5.99,26.99,high,low,7,namesilo,,,
c2d47bc7-606d-4833-b80e-0ace25e015ea,saintly.kaufen,available,5.99,26.99,high,low,7,namesilo,,,
fb4c90f7-aa4e-421a-b142-4151c724d53f,fitness.kaufen,available,9.99,,high,low,7,name.com,,,
9ab5870e-8cca-4cbe-b236-8bbbb470d5a9,tangle.kaufen,available,5.99,26.99,high,low,6,namesilo,,,
981dd1ba-751f-483b-9d76-084de7b343b6,someone.kaufen,available,5.99,26.99,high,low,7,namesilo,,,
a13057f7-7f61-4fe4-8adc-536d467de911,strategic.kaufen,available,5.99,26.99,high,low,9,namesilo,,,
c5678ac6-f66a-4855-b0dd-cc2a56b5957a,standardize.kaufen,available,5.99,26.99,high,low,11,namesilo,,,